Бренд,Назва файла,Артикул
Bliss,81603_Набір Aqua Symphony_Bliss.png,81603
Bliss,91105_Лосьйон вуаль для тіла і рук Quartz rose_Bliss.png,91105
Bliss,91108_Парфумоване освіжаюче мило Quartz rose_Bliss.png,91108
Bliss,91103_Парфумований гель для душу Quartz rose_Bliss.png,91103
Bliss,81602_Набір Cherry Orchid_Bliss.png,81602
Bliss,81604_Набір Quartz rose_Bliss.png,81604
Bliss,91101_Парфумований гель для душу Cherry Orchid 300 ml Jerelia Bliss 91101_Bliss.png,91101
Bliss,91102_Парфумований гель для душу Aqua Symphony 300 ml Jerelia Bliss 91102_Bliss.png,91102
Bliss,91109_Парфумоване освіжаюче мило Cherry Orchid 300 ml Jerelia Bliss 91109_Bliss.png,91109
Bliss,91107_Парфумоване освіжаюче мило Aqua Symphony 300 ml Jerelia Bliss 91107_Bliss.png,91107
Bliss,91104_Лосьйон вуаль для тіла і рук Aqua Symphony 300 ml Jerelia Bliss 91104_Bliss.png,91104
Bliss,91106_Лосьйон вуаль для тіла і рук  Cherry Orchid 300 ml Jerelia Bliss 91106_Bliss.png,91106
On the Go,8604_Шампунь для профілактики лупи REAL MAN 250 ml Jerelia On the Go 08604_On the Go.png,8604
On the Go,8602_Заспокійливий гель після гоління для чутливої шкіри 150 ml Jerelia On the Go 08602_On the Go.png,8602
PRO Slim,24502_Протеїново-мінеральний коктейль Полуничний шейк 420 g Jerelia PRO Slim 24502_PRO Slim.png,24502
PRO Slim,24501_Протеїново-мінеральний коктейль Шоколадний десерт 420 g Jerelia PRO Slim 24501_PRO Slim.png,24501
Skin Lab,24213_Глибоко очищуюча ензимна пудра з вітаміном C 65 g Jerelia Skin Lab 24213_Skin Lab.png,24213
Skin Lab,24239_Пробник Екстразволожуючий денний крем з церамідами SPF 30 3 ml Jerelia Skin Lab 24239_Skin Lab.png,24239
Skin Lab,24238_Пробник Колагеностимулююча нічна крем-маска з колагеном 3 ml Jerelia Skin Lab 24238_Skin Lab.png,24238
Skin Lab,24240_Пробник Зволожуюча крем-маска для шкіри навколо очей та губ 3 ml Jerelia Skin Lab 24240_Skin Lab.png,24240
Skin Lab,24241_Пробник Регенеруючий  кислотний гель-пілінг потрійної дії 3 ml Jerelia Skin Lab 24241_Skin Lab.png,24241
Skin Lab,24237_Пробник Ультразволожуюча сироватка-бустер  3 ml Jerelia Skin Lab 24237_Skin Lab.png,24237
Skin Lab,24220_Колагеностимулююча нічна крем-маска з колагеном 50 ml Jerelia Skin Lab 24220_Skin Lab.png,24220
Skin Lab,24218_Регенеруючий  кислотний гель-пілінг потрійної дії 30 ml Jerelia Skin Lab 24218_Skin Lab.png,24218
Skin Lab,24219_Зволожуюча крем-маска для шкіри навколо очей та губ 15 ml Jerelia Skin Lab 24219_Skin Lab.png,24219
Skin Lab,24214_Про-колагеновий зволожуючий гель-шовк  для вмивання 200 ml Jerelia Skin Lab 24214_Skin Lab.png,24214
Skin Lab,24215_Про-колагеновий зволожуючий  тонер 200 ml Jerelia Skin Lab 24215_Skin Lab.png,24215
Skin Lab,24216_Ультразволожуюча сироватка-бустер 30 ml Jerelia Skin Lab 24216_Skin Lab.png,24216
Skin Lab,24217_Екстразволожуючий денний крем з церамідами SPF 30 50 ml Jerelia Skin Lab 24217_Skin Lab.png,24217
Skin Lab,24236_Пробник Регенеруючий підтягуючий нічний крем з ретинолом 3 ml Jerelia Skin Lab 24236_Skin Lab.png,24236
Skin Lab,24235_Пробник Ліфтинг-есенція для зони навколо очей 3 ml Jerelia Skin Lab 24235_Skin Lab.png,24235
Skin Lab,24234_Пробник Розгладжуючий денний крем-філлер 3 ml Jerelia Skin Lab 24234_Skin Lab.png,24234
Skin Lab,24233_Пробник Антиоксидантна омолоджуюча сироватка 3 ml Jerelia Skin Lab 24233_Skin Lab.png,24233
Skin Lab,24221_Пептидне омолоджуюче молочко для вмивання 200 ml Jerelia Skin Lab 24221_Skin Lab.png,24221
Skin Lab,24222_Антиоксидантний тонер-есенція 200 ml Jerelia Skin Lab 24222_Skin Lab.png,24222
Skin Lab,24229_Ліфтинг-есенція для зони навколо очей 15 ml Jerelia Skin Lab 24229_Skin Lab.png,24229
Skin Lab,24224_Антиоксидантна омолоджуюча сироватка 30 ml Jerelia Skin Lab 24224_Skin Lab.png,24224
Skin Lab,24228_Регенеруючий підтягуючий нічний крем з ретинолом 50 ml Jerelia Skin Lab 24228_Skin Lab.png,24228
Skin Lab,24227_Розгладжуючий денний крем-філлер з SPF 25 50 ml Jerelia Skin Lab 24227_Skin Lab.png,24227
Skin Lab,24212_Пробник Освітлююча сироватка з вітаміном С та ніацинамідом 3 ml Jerelia Skin Lab 24212_Skin Lab.png,24212
Skin Lab,24211_ПробникОсвітлююча маска інтинсивної дії 3 ml Jerelia Skin Lab 24211_Skin Lab.png,24211
Skin Lab,24210_Пробник Освітлюючий крем для шкіри навколо очей 3 ml Jerelia Skin Lab 24210_Skin Lab.png,24210
Skin Lab,24209_Пробник Відновлювальний освітлюючий нічний крем 3 ml Jerelia Skin Lab 24209_Skin Lab.png,24209
Skin Lab,24208_Пробник Активний освітлюючий денний крем з SPF30 3 ml Jerelia Skin Lab 24208_Skin Lab.png,24208
Skin Lab,24207_Освітлююча маска інтенсивної дії 50 ml Jerelia Skin Lab 24207_Skin Lab.png,24207
Skin Lab,24206_Очищувальний гель для вмивання з ефектом вирівнювання тону обличчя 200 ml Jerelia Skin Lab 24206_Skin Lab.png,24206
Skin Lab,24205_Тонік для освітлення та рівного тону шкіри 200 ml Jerelia Skin Lab 24205_Skin Lab.png,24205
Skin Lab,24204_Освітлюючий крем для шкіри навколо очей 15 ml Jerelia Skin Lab 24204_Skin Lab.png,24204
Skin Lab,24203_Освітлююча сироватка з вітаміном С та ніацинамідом 30 ml Jerelia Skin Lab 24203_Skin Lab.png,24203
Skin Lab,24202_Відновлювальний освітлюючий нічний крем 50 ml Jerelia Skin Lab 24202_Skin Lab.png,24202
Skin Lab,24201_Активний освітлюючий денний крем з SPF30 50 ml Jerelia Skin Lab 24201_Skin Lab.png,24201
WIN,24306_Гель для душу з канабісом та ефірною олією лайма 250 ml Jerelia WIN 24306_WIN.png,24306
WIN,24305_Шампунь-кондиціонер 2 в 1 з екстрактами шавлії та ламінарії 250 ml Jerelia WIN 24305_WIN.png,24305
WIN,24303_Зволожуючий крем для гоління 100 ml Jerelia WIN 24303_WIN.png,24303
WIN,24302_Гель для душу тонізуючий з екстрактом женьшеню та кофеїном 250 ml Jerelia WIN 24302_WIN.png,24302
WIN,24301_Шампунь-кондиціонер 2 в 1 з екстрактом женшеню та ментолом 250 ml Jerelia WIN 24301_WIN.png,24301
LAKSMI,24419_Ефірна олія ялівцю 10 ml Jerelia LAKSMI 24419_LAKSMI.png,24419
LAKSMI,24418_Ефірна олія шавлії мускатної 10 ml Jerelia LAKSMI 24418_LAKSMI.png,24418
LAKSMI,24417_Ефірна олія санталу 10 ml Jerelia LAKSMI 24417_LAKSMI.png,24417
LAKSMI,24416_Ефірна олія Рожевого дерева 10 ml Jerelia LAKSMI 24416_LAKSMI.png,24416
LAKSMI,24415_Ефірна олія мандарину 10 ml Jerelia LAKSMI 24415_LAKSMI.png,24415
LAKSMI,24414_Ефірна олія лемонграсу 10 ml Jerelia LAKSMI 24414_LAKSMI.png,24414
LAKSMI,24420_Ефірна олія Лавандіни 10 ml Jerelia LAKSMI 24420_LAKSMI.png,24420
LAKSMI,24413_Ефірна олія кориці 10 ml Jerelia LAKSMI 24413_LAKSMI.png,24413
LAKSMI,24412_Ефірна олія естрагону 10 ml Jerelia LAKSMI 24412_LAKSMI.png,24412
LAKSMI,24411_Ефірна олія евкаліпта 10 ml Jerelia LAKSMI 24411_LAKSMI.png,24411
Prochee,10128_Свічка ароматизована Кришталь 1 pcs Jerelia Prochee 10128_Prochee.png,10128
Prochee,9933_Свічка ароматизована в кашпо 1 pcs Jerelia Prochee 09933_Prochee.png,9933
JERELIA,9286_Туш з ефектом подовження вій 3 in 1 MAXI EFFECT 10 ml Jerelia JERELIA 09286_JERELIA.png,9286
JERELIA,9285_Туш для вій обємна GLAM  XXL VOLUME 10 ml Jerelia JERELIA 09285_JERELIA.png,9285
JERELIA,9278_Зволожувальна помада для губ Королівський нюд 42 g Jerelia JERELIA 09278_JERELIA.png,9278
103,11020_Рідкий пластир 30 ml Jerelia 103 11020_103.png,11020
103,5612_Антибактеріальне мило 300 ml Jerelia 103 05612_103.png,5612
BIOgenic Elements,8407_Біокомплекс Антистрес 100 ml Jerelia BIOgenic Elements 08407_BIOgenic Elements.png,8407
BIOgenic Elements,8403_Біокомплекс Протидіабетичний 100 ml Jerelia BIOgenic Elements 08403_BIOgenic Elements.png,8403
BIOgenic Elements,8401_Біокомплекс Цитрат срібла 100 ml Jerelia BIOgenic Elements 08401_BIOgenic Elements.png,8401
Esse Balance,3603_Гель-маска матуюча для жирної шкіри 100 ml Jerelia Esse Balance 03603_Esse Balance.png,3603
SRIBNA-KHATA,16001_Дезінфікуючий засіб для взуття. З цитратом срібла 200 ml Jerelia SRIBNA-KHATA 16001_SRIBNA-KHATA.png,16001
ANGEL,6026_Делікатний засіб для  підмивання малюків 0 200 ml Jerelia ANGEL 06026_ANGEL.png,6026
ANGEL,6025_Дитяча пінка 3 в1 Від маківки до пяточок 300 ml Jerelia ANGEL 06025_ANGEL.png,6025
ANGEL,6024_Дитячий крем для чутливої шкіри з перших днів життя 0 100 g Jerelia ANGEL 06024_ANGEL.png,6024
4seasons,6804_Дитячий сонцезахисний лосьйон з алое та молочними протеїнами SPF 35 150 ml Jerelia 4seasons 06804_4seasons.png,6804
4seasons,6805_Сонцезахисний лосьйон для тіла SPF 30 150 ml Jerelia 4seasons 06805_4seasons.png,6805
4seasons,6809_Зимовий крем для обличчя з протеїнами кашеміру 50 ml Jerelia 4seasons 06809_4seasons.png,6809
Yasna Premium,19001_Зубна паста Відбілювання та догляд 100 ml Jerelia Yasna Premium 19001_Yasna Premium.png,19001
Yasna Premium,19002_Зубна паста Захист чутливих зубів 100 ml Jerelia Yasna Premium 19002_Yasna Premium.png,19002
Yasna Premium,19003_Зубна паста Кава та тютюн 60 ml Jerelia Yasna Premium 19003_Yasna Premium.png,19003
BLOT,8315_Дитячий ополіскувач для ротової порожнини з соком малини 250 ml Jerelia BLOT 08315_BLOT.png,8315
BLOT,1606_Дитячий шампунь гель для душу та піна для ванни 3в1 250 ml Jerelia BLOT 01606_BLOT.png,1606
BLOT,8317_Зубна паста для дітей від 8 років. Бабл гам 60 ml Jerelia BLOT 08317_BLOT.png,8317
BLOT,8318_Зубна паста для дітей від 8 років. Суниця 60 ml Jerelia BLOT 08318_BLOT.png,8318
BLOT,1605_Крем-бальзам для тіла Регенеруючий 50 g Jerelia BLOT 01605_BLOT.png,1605
BLOT,1607_Набір вируючих бомбочок для ванн з 3-х кульок 3 pcs Jerelia BLOT 01607_BLOT.png,1607
LaFemme,7803_Дезодорант-антиперспірант жіночий з алое та лавандою 150 ml Jerelia LaFemme 07803_LaFemme.png,7803
LaFemme,7802_Делікатний крем-гель для інтимної гігієни з пробіотиками 250 ml Jerelia LaFemme 07802_LaFemme.png,7802
LaFemme,7804_Інтимний гель-лубрикант 75 ml Jerelia LaFemme 07804_LaFemme.png,7804
LaFemme,7801_Ніжна пінка для інтимної гігієни 150 ml Jerelia LaFemme 07801_LaFemme.png,7801
YASNA,8313_Дитяча зубна паста Миле зайченя. Від 1 року 50 ml Jerelia YASNA 08313_YASNA.png,8313
YASNA,8314_Ополіскувач для ротової порожнини Свіжість подиху. Протизапальний 250 ml Jerelia YASNA 08314_YASNA.png,8314
WOW effect,5412_WOW сироватка-концентрат для обличчя. Антикупероз 30 ml Jerelia WOW effect 05412_WOW effect.png,5412
WOW effect,5414_Патчі для зменшення темних кіл та набряків під очима 30 ml Jerelia WOW effect 05414_WOW effect.png,5414
Rozkishna formula,4903_Нутрикомплекс для краси волосся нігтів та шкіри 60 capsules Jerelia Rozkishna formula 04903_Rozkishna formula.png,4903
Rozkishna formula,4902_Питний колагеновий бустер 125 g Jerelia Rozkishna formula 04902_Rozkishna formula.png,4902
TouchCare,23508_Крем для ніг від сухості та тріщин із олією таману 115 ml Jerelia TouchCare 23508_TouchCare.png,23508
TouchCare,23502_Крем для рук зволожуючий 75 ml Jerelia TouchCare 23502_TouchCare.png,23502
TouchCare,23510_Крем-маска для рук 2в1 Парафінові рукавички 150 ml Jerelia TouchCare 23510_TouchCare.png,23510
TouchCare,23506_Крем-олія для рук від сухості та тріщин 75 ml Jerelia TouchCare 23506_TouchCare.png,23506
TouchCare,23507_Рідкий тальк для ніг 75 ml Jerelia TouchCare 23507_TouchCare.png,23507
MineraL,7710_Сапропелевий скраб для тіла 250 ml Jerelia MineraL 07710_MineraL.png,7710
Nature Therapy,21814_ХондроїтинФорте. Крем-гель для суглобів 150 g Jerelia Nature Therapy  21814_Nature Therapy.png,21814
Nature Therapy,21813_Антипедикульозний спеціалізований комплекс Permiteen 100 ml Jerelia Nature Therapy  21813_Nature Therapy.png,21813
Nature Therapy,21817_Концентрований заспокійливий сироп Антистрес 100 ml Jerelia Nature Therapy  21817_Nature Therapy.png,21817
Nature Therapy,21815_Медікрем.Антисептичний протизапальний крем з цинком 50 ml Jerelia Nature Therapy  21815_Nature Therapy.png,21815
Nature Therapy,21807_Назальний спрей з екстрактом цикламену 30 ml Jerelia Nature Therapy  21807_Nature Therapy.png,21807
Nature Therapy,21809_Роликовий бальзам від застуди та головного болю 15 ml Jerelia Nature Therapy  21809_Nature Therapy.png,21809
Nature Therapy,21805_Сироп Покращення памяті з гінкго білоба 200 ml Jerelia Nature Therapy  21805_Nature Therapy.png,21805
Nature Therapy,21808_Сироп для зміцнення імунітету Ехінацея 200 ml Jerelia Nature Therapy  21808_Nature Therapy.png,21808
Nature Therapy,21806_Сироп для покращення зору 200 ml Jerelia Nature Therapy  21806_Nature Therapy.png,21806
Elcurl,71674_Бустер для волосся проти ламкості та посічених кінчиків 10 ml Jerelia Elcurl 71674_Elcurl.png,71674
Elcurl,71675_Бустер для живлення волосся та захисту від UV 10 ml Jerelia Elcurl 71675_Elcurl.png,71675
Elcurl,71676_Відновлюючий бустер для волосся 10 ml Jerelia Elcurl 71676_Elcurl.png,71676
Elcurl,71672_Скраб-пілінг для глибокого очищення шкіри голови та волосся 200 ml Jerelia Elcurl 71672_Elcurl.png,71672
Ikra,533_Нічна маска з ліфтинг ефектом 50 ml Jerelia Ikra 00533_Ikra.png,533
Ikra,518_Денний крем-ліфтинг з колагеном 50 ml Jerelia Ikra 00518_Ikra.png,518
Ikra,520_Крем-гель для шкіри навколо очей з  біозолотом 15 ml Jerelia Ikra 00520_Ikra.png,520
Ikra,517_Міцелярний мус для очищення шкіри з біозолотом 200 ml Jerelia Ikra 00517_Ikra.png,517
Ikra,519_Нічний крем моделюючий з еластином 50 ml Jerelia Ikra 00519_Ikra.png,519
Ikra,516_Сироватка молодості для ліфтингу та пружності 30 ml Jerelia Ikra 00516_Ikra.png,516
Ikra,526_Тонізуючий лосьйон для обличчя шиї та декольте 200 ml Jerelia Ikra 00526_Ikra.png,526
ROZKISHNA,810_Гель для вмивання з гіалуроновою кислотою та екстрактом білого чаю. Антивікова формула 200 ml Jerelia ROZKISHNA 00810_ROZKISHNA.png,810
ROZKISHNA,811_Денний крем з гіалуроновою кислотою та пептидним комплексом. Антивікова формула 50 ml Jerelia ROZKISHNA 00811_ROZKISHNA.png,811
ROZKISHNA,813_Крем для шкіри навколо очей з гіалуроновою кислотою та пептидним комплексом. Антивікова формула 15 ml Jerelia ROZKISHNA 00813_ROZKISHNA.png,813
ROZKISHNA,818_Масажний протинабряковий ролик для шкіри навколо очей 15 ml Jerelia ROZKISHNA 00818_ROZKISHNA.png,818
ROZKISHNA,812_Нічний крем з гіалуроновою кислотою та пептидним комплексом. Антивікова формула 50 ml Jerelia ROZKISHNA 00812_ROZKISHNA.png,812
ROZKISHNA,816_Сироватка-концентрат з гіалуроновою кислотою. Антивікова формула 30 ml Jerelia ROZKISHNA 00816_ROZKISHNA.png,816
ROZKISHNA,815_Тонік з гіалуроновою кислотою та екстрактом зеленого чаю. Антивікова формула 200 ml Jerelia ROZKISHNA 00815_ROZKISHNA.png,815
PERFI LAB,24161_FOUGERE FLOWER У 50 ml Jerelia PERFI LAB 24161_PERFI LAB.png,24161
PERFI LAB,24160_GINGER VETIVER У 50 ml Jerelia PERFI LAB 24160_PERFI LAB.png,24160
PERFI LAB,24141_SPICY WOOD Ч 50 ml Jerelia PERFI LAB 24141_PERFI LAB.png,24141
PERFI LAB,24140_FRUITY ALMOND Ж 50 ml Jerelia PERFI LAB 24140_PERFI LAB.png,24140
PERFI LAB,24139_PASSION VANILLA Ж 50 ml Jerelia PERFI LAB 24139_PERFI LAB.png,24139
PERFI LAB,24138_WOODY JEAN Ч 50 ml Jerelia PERFI LAB 24138_PERFI LAB.png,24138
PERFI LAB,24153_FOUGERE PINK PEPPER Ж 50 ml Jerelia PERFI LAB 24153_PERFI LAB.png,24153
PERFI LAB,24151_CITRUS NEROLI Ж 50 ml Jerelia PERFI LAB 24151_PERFI LAB.png,24151
PERFI LAB,24150_POWDERY NEROLI Ж 50 ml Jerelia PERFI LAB 24150_PERFI LAB.png,24150
PERFI LAB,24148_PEACH ROSE Ж 50 ml Jerelia PERFI LAB 24148_PERFI LAB.png,24148
PERFI LAB,24164_FLORAL SANDALWOOD Ж Пластик 50 ml Jerelia PERFI LAB 24164_PERFI LAB.png,24164
PERFI LAB,24163_CITRUS TEA Ж Пластик 50 ml Jerelia PERFI LAB 24163_PERFI LAB.png,24163
PERFI LAB,24155_PEACH OSMANTUS Ж Пластик 50 ml Jerelia PERFI LAB 24155_PERFI LAB.png,24155
PERFI LAB,24152_CITRUS ORCHID Ж Пластик 50 ml Jerelia PERFI LAB 24152_PERFI LAB.png,24152
PERFI LAB,24166_SPICY ORCHID Ж Книжка 35 ml Jerelia PERFI LAB 24166_PERFI LAB.png,24166
PERFI LAB,24165_POWDERY TOBACCO У Книжка 35 ml Jerelia PERFI LAB 24165_PERFI LAB.png,24165
PERFI LAB,24162_OUD FRUIT Ч Книжка 35 ml Jerelia PERFI LAB 24162_PERFI LAB.png,24162
PERFI LAB,24157_AMBERY TUBEROSE Ж Книжка 35 ml Jerelia PERFI LAB 24157_PERFI LAB.png,24157
PERFI LAB,24149_CARAMELIZED TOBACCO У Книжка 35 ml Jerelia PERFI LAB 24149_PERFI LAB.png,24149
PERFI LAB,24154_SPICY VETIVER Ч 50 ml Jerelia PERFI LAB 24154_PERFI LAB.png,24154
PERFI LAB,24142_CITRUS GINGER Ч 50 ml Jerelia PERFI LAB 24142_PERFI LAB.png,24142
PERFI LAB,24147_CITRUS PEONY Ж 50 ml Jerelia PERFI LAB 24147_PERFI LAB.png,24147
PERFI LAB,24144_WOODY OAKMOSS Ж 50 ml Jerelia PERFI LAB 24144_PERFI LAB.png,24144
PERFI LAB,24137_AMBER CITRUS Ж 50 ml Jerelia PERFI LAB 24137_PERFI LAB.png,24137
PERFI LAB,24136_AQUATIC LIME Ж 50 ml Jerelia PERFI LAB 24136_PERFI LAB.png,24136
PERFI LAB,24168_MUSKY TUBEROSE Ж Пластик 50 ml Jerelia PERFI LAB 24168_PERFI LAB.png,24168
PERFI LAB,24156_MINT VANILLA Ж Пластик 50 ml Jerelia PERFI LAB 24156_PERFI LAB.png,24156
PERFI LAB,24146_CITRUS GREEN APPLE Ж Пластик 50 ml Jerelia PERFI LAB 24146_PERFI LAB.png,24146
PERFI LAB,24135_GINGER WOODY Ж Пластик 50 ml Jerelia PERFI LAB 24135_PERFI LAB.png,24135
PERFI LAB,24130_Пробник парфумованої води Moulin Rouge 15 ml Jerelia PERFI LAB 24130_PERFI LAB.png,24130
PERFI LAB,24129_Парфумована вода Kalliroi 55 ml Jerelia PERFI LAB 24129_PERFI LAB.png,24129
PERFI LAB,24128_Парфумована вода Moulin Rouge 50 ml Jerelia PERFI LAB 24128_PERFI LAB.png,24128
PERFI LAB,24134_Пробник парфумованої  води для жінок Jerelina 15 ml Jerelia PERFI LAB 24134_PERFI LAB.png,24134
PERFI LAB,6433_Парфумована  вода для жінок Jerelina 50 ml Jerelia PERFI LAB 06433_PERFI LAB.png,6433
PERFI LAB,24126_Пробник парфумованої води LELIA 15 ml Jerelia PERFI LAB 24126_PERFI LAB.png,24126
PERFI LAB,24125_Пробник парфумованої води VILNA 15 ml Jerelia PERFI LAB 24125_PERFI LAB.png,24125
PERFI LAB,6494_Пробник парфумованої води Egoiste 15 ml Jerelia PERFI LAB 06494_PERFI LAB.png,6494
PERFI LAB,6493_Пробник парфумованої води Сourage 15 ml Jerelia PERFI LAB 06493_PERFI LAB.png,6493
PERFI LAB,6492_Пробник парфумованої води Вlue ice 15 ml Jerelia PERFI LAB 06492_PERFI LAB.png,6492
PERFI LAB,6491_Пробник парфумованої води VETIVER 15 ml Jerelia PERFI LAB 06491_PERFI LAB.png,6491
PERFI LAB,6490_Пробник парфумованої води Intensity sport 15 ml Jerelia PERFI LAB 06490_PERFI LAB.png,6490
PERFI LAB,6489_Пробник парфумованої води Kiss me 15 ml Jerelia PERFI LAB 06489_PERFI LAB.png,6489
PERFI LAB,6488_Пробник парфумованої води Hypnotic 15 ml Jerelia PERFI LAB 06488_PERFI LAB.png,6488
PERFI LAB,6487_Пробник парфумованої води Artemida 15 ml Jerelia PERFI LAB 06487_PERFI LAB.png,6487
PERFI LAB,6486_Пробник парфумованої води ONE CANDY 15 ml Jerelia PERFI LAB 06486_PERFI LAB.png,6486
PERFI LAB,6485_Пробник парфумованої води Julietta 15 ml Jerelia PERFI LAB 06485_PERFI LAB.png,6485
PERFI LAB,6484_Пробник парфумованої води AMORE 15 ml Jerelia PERFI LAB 06484_PERFI LAB.png,6484
PERFI LAB,6483_Пробник парфумованої води Passion 15 ml Jerelia PERFI LAB 06483_PERFI LAB.png,6483
PERFI LAB,6482_Пробник парфумованої води Life Essence 15 ml Jerelia PERFI LAB 06482_PERFI LAB.png,6482
PERFI LAB,6481_Пробник парфумованої води FLORINE 15 ml Jerelia PERFI LAB 06481_PERFI LAB.png,6481
PERFI LAB,6480_Пробник парфумованої води FREYA 15 ml Jerelia PERFI LAB 06480_PERFI LAB.png,6480
PERFI LAB,6455_Пробник туалетної води Fleur Narcotique 15 ml Jerelia PERFI LAB 06455_PERFI LAB.png,6455
PERFI LAB,6431_Пробник туалетної води для чоловіків RnB 15 ml Jerelia PERFI LAB 06431_PERFI LAB.png,6431
PERFI LAB,6430_Пробник туалетної води для жінок RnB 15 ml Jerelia PERFI LAB 06430_PERFI LAB.png,6430
PERFI LAB,6427_Пробник туалетної води для жінок SOLOMIA 2.0. 15 ml Jerelia PERFI LAB 06427_PERFI LAB.png,6427
PERFI LAB,6426_Пробник туалетної води для жінок ROKSOLANA 2.0. 15 ml Jerelia PERFI LAB 06426_PERFI LAB.png,6426
PERFI LAB,6415_Пробник туалетної води Emotion code for woman 15 ml Jerelia PERFI LAB 06415_PERFI LAB.png,6415
PERFI LAB,6414_Пробник туалетної води Emotion code for man 15 ml Jerelia PERFI LAB 06414_PERFI LAB.png,6414
PERFI LAB,6456_Туалетна вода Fleur Narcotique 50 ml Jerelia PERFI LAB 06456_PERFI LAB.png,6456
PERFI LAB,6468_Парфумована вода AMORE 55 ml Jerelia PERFI LAB 06468_PERFI LAB.png,6468
PERFI LAB,6474_Парфумована вода ARTEMIDA 55 ml Jerelia PERFI LAB 06474_PERFI LAB.png,6474
PERFI LAB,6477_Парфумована вода BLUE ICE 60 ml Jerelia PERFI LAB 06477_PERFI LAB.png,6477
PERFI LAB,6478_Парфумована вода COURAGE 60 ml Jerelia PERFI LAB 06478_PERFI LAB.png,6478
PERFI LAB,6479_Парфумована вода EGOISTE 60 ml Jerelia PERFI LAB 06479_PERFI LAB.png,6479
PERFI LAB,6466_Парфумована вода FLORINE 55 ml Jerelia PERFI LAB 06466_PERFI LAB.png,6466
PERFI LAB,6465_Парфумована вода FREYA 55 ml Jerelia PERFI LAB 06465_PERFI LAB.png,6465
PERFI LAB,6471_Парфумована вода HYPNOTIC 55 ml Jerelia PERFI LAB 06471_PERFI LAB.png,6471
PERFI LAB,6476_Парфумована вода INTENSITY SPORT 60 ml Jerelia PERFI LAB 06476_PERFI LAB.png,6476
PERFI LAB,6473_Парфумована вода JULLIETTA 55 ml Jerelia PERFI LAB 06473_PERFI LAB.png,6473
PERFI LAB,6470_Парфумована вода KISS ME 55 ml Jerelia PERFI LAB 06470_PERFI LAB.png,6470
PERFI LAB,24122_Парфумована вода LELIA 55 ml Jerelia PERFI LAB 24122_PERFI LAB.png,24122
PERFI LAB,6467_Парфумована вода Life Essence 55 ml Jerelia PERFI LAB 06467_PERFI LAB.png,6467
PERFI LAB,6469_Парфумована вода ONE CANDY 55 ml Jerelia PERFI LAB 06469_PERFI LAB.png,6469
PERFI LAB,6472_Парфумована вода PASSION 55 ml Jerelia PERFI LAB 06472_PERFI LAB.png,6472
PERFI LAB,6475_Парфумована вода VETIVER 60 ml Jerelia PERFI LAB 06475_PERFI LAB.png,6475
PERFI LAB,24121_Парфумована вода VILNA 55 ml Jerelia PERFI LAB 24121_PERFI LAB.png,24121
PERFI LAB,6447_Парфумований спрей для тіла та волосся Good Girl 100 ml Jerelia PERFI LAB 06447_PERFI LAB.png,6447
PERFI LAB,6448_Парфумований спрей для тіла та волосся Ange Ou Demon 100 ml Jerelia PERFI LAB 06448_PERFI LAB.png,6448
PERFI LAB,6449_Парфумований спрей для тіла та волосся Pink Molécule 100 ml Jerelia PERFI LAB 06449_PERFI LAB.png,6449
PERFI LAB,6450_Парфумований спрей для тіла та волосся Si 100 ml Jerelia PERFI LAB 06450_PERFI LAB.png,6450
PERFI LAB,6409_Туалетна вода la Reine 50 ml Jerelia PERFI LAB 06409_PERFI LAB.png,6409
PERFI LAB,6423_Туалетна вода для жінок ROKSOLANA 2.0. 30 ml Jerelia PERFI LAB 06423_PERFI LAB.png,6423
PERFI LAB,6424_Туалетна вода для жінок SOLOMIA 2.0. 30 ml Jerelia PERFI LAB 06424_PERFI LAB.png,6424
SPA,21538_Антицелюлітний скраб для тіла з арнікою і гамамелісом 200 ml Jerelia SPA 21538_SPA.png,21538
SPA,21545_Зволожуючий  гель для душу Грейпфрут  червоний апельсин 300 ml Jerelia SPA 21545_SPA.png,21545
SPA,21546_Крем-мило ЛемонграсЛайм 300 ml Jerelia SPA 21546_SPA.png,21546
SPA,21551_Мерехтливий цукровий скраб для тіла з глітером 200 g Jerelia SPA 21551_SPA.png,21551
SPA,21550_Мигдальна двофазна олія для душу 200 ml Jerelia SPA 21550_SPA.png,21550
SPA,21547_Рідке мило зволожуюче Грейпфрутчервоний апельсин 300 ml Jerelia SPA 21547_SPA.png,21547
SPA,21544_Тонізуючий гель для душу ЛемонграсЛайм 300 ml Jerelia SPA 21544_SPA.png,21544
SPA,21554_Універсальний зволожуючий гель з алоє вера 200 ml Jerelia SPA 21554_SPA.png,21554
Oselya,52459_Серветка з мікрофібри універсальна для всіх поверхонь 1 pcs Jerelia Oselya 52459_Oselya.png,52459
Oselya,52418_Гелевий засіб для миття унітазів 500 ml Oselya Jerelia 52418_Oselya.png,52418
Oselya,52419_Засіб від плісняви з хлором 500 ml Oselya Jerelia 52419_Oselya.png,52419
Oselya,52421_Засіб від стійкого вапняного нальоту та іржі Суперефект 500 ml Oselya Jerelia 52421_Oselya.png,52421
Oselya,52426_Засіб для видалення жиру Extra Cleaner 500 ml Oselya Jerelia 52426_Oselya.png,52426
Oselya,52446_Засіб для видалення плісняви на основі перекису водню 500 ml Oselya Jerelia 52446_Oselya.png,52446
Oselya,52435_Засіб для видалення плям Жовті Світлі 300 ml Oselya Jerelia 52435_Oselya.png,52435
Oselya,52416_Засіб для видалення плям Червоні темні 500 ml Oselya Jerelia 52416_Oselya.png,52416
Oselya,52407_Засіб для миття дзеркал та скла 300 ml Oselya Jerelia 52407_Oselya.png,52407
Oselya,52412_Засіб для миття підлоги 500 ml Oselya Jerelia 52412_Oselya.png,52412
Oselya,52404_Засіб для миття посуду 500 ml Oselya Jerelia 52404_Oselya.png,52404
Oselya,52401_Засіб для прання білих речей 500 ml Oselya Jerelia 52401_Oselya.png,52401
Oselya,52402_Засіб для прання кольорових речей 1000 ml Oselya Jerelia 52402_Oselya.png,52402
Oselya,52403_Засіб для прання темних речей 1000 ml Oselya Jerelia 52403_Oselya.png,52403
Oselya,52422_Засіб для прочищення каналізаційних труб 1000 ml Oselya Jerelia 52422_Oselya.png,52422
Oselya,52414_Засіб для чищення духовок витяжок та грилю Суперсила 500 ml Oselya Jerelia 52414_Oselya.png,52414
Oselya,52409_Засіб для чищення пральних машин від накипу 500 ml Oselya Jerelia 52409_Oselya.png,52409
Oselya,52433_Кисневий відбілювач Oxy Power 300 ml Oselya Jerelia 52433_Oselya.png,52433
Oselya,52443_Кондиціонер ополіскувач для білизни Делікатний дотик 400 g Oselya Jerelia 52443_Oselya.png,52443
Oselya,52440_Кондиціонер ополіскувач для білизни Небесна блакить 1000 ml Oselya Jerelia 52440_Oselya.png,52440
Oselya,52410_Концентрат для чищення кавомашин чайників від накипу 1000 ml Oselya Jerelia 52410_Oselya.png,52410
Oselya,52438_Концентрований біогель для миття посуду 300 ml Oselya Jerelia 52438_Oselya.png,52438
Oselya,52437_Концентрований засіб для миття посуду на основі соди та гірчиці 500 ml Oselya Jerelia 52437_Oselya.png,52437
Oselya,7301_Концентрований засіб для прання універсальний 500 ml Oselya Jerelia 07301_Oselya.png,7301
Oselya,6702_Нейтралізатор запахів з ароматом лайму 1000 ml Oselya Jerelia 06702_Oselya.png,6702
Oselya,52408_Піна для чищення ванни кахлю та сантехніки 500 ml Oselya Jerelia 52408_Oselya.png,52408
Oselya,52420_Пінний плямовивідник для килимів та текстилю 150 ml Oselya Jerelia 52420_Oselya.png,52420
Oselya,52439_Плямовивідник для кольорових речей з ензимами Oxy Power 400 ml Oselya Jerelia 52439_Oselya.png,52439
Oselya,52411_Поліроль для меблів 300 ml Oselya Jerelia 52411_Oselya.png,52411
Oselya,52456_Універсальний гель для очищення ванної кімнати 500 ml Oselya Jerelia 52456_Oselya.png,52456
Oselya,52405_Універсальний засіб для кухонних поверхонь 500 ml Oselya Jerelia 52405_Oselya.png,52405
Oselya,52452_Універсальний професійний засіб АнтиЖир 500 ml Oselya Jerelia 52452_Oselya.png,52452
MOLFAR,11016_Крем для профілактики захворювань суглобів Osteo BioEffect 100 ml Jerelia MOLFAR 11016_MOLFAR.png,11016
MOLFAR,11022_Масажний гель з екстрактом кінського каштану FORTE 500 ml Jerelia MOLFAR 11022_MOLFAR.png,11022
MOLFAR,11021_Масажний гель з екстрактом червоного перцю та хріну Double effect 500 ml Jerelia MOLFAR 11021_MOLFAR.png,11021
MOLFAR,11023_Натуральне дігтярне мило 75 g Jerelia MOLFAR 11023_MOLFAR.png,11023
MOLFAR,11015_Фітогель для ніг з екстрактом пявки VARICOSTOP effect 100 ml Jerelia MOLFAR 11015_MOLFAR.png,11015
PODIUM,21716_Румяна компактні PODIUM Азійська троянда 7 g Jerelia PODIUM 21716_PODIUM.png,21716
PODIUM,21714_Румяна компактні PODIUM Балканський теракот 7 g Jerelia PODIUM 21714_PODIUM.png,21714
PODIUM,21790_Зволожуючий праймер під макіяж з матуючим ефектом. Зелений 30 ml Jerelia PODIUM 21790_PODIUM.png,21790
PODIUM,21721_Зволожуючий праймер під макіяж з матуючим ефектом. Класичний 30 ml Jerelia PODIUM 21721_PODIUM.png,21721
PODIUM,21799_Міцелярна вода для очищення шкіри та очей від макіяжу 200 ml Jerelia PODIUM 21799_PODIUM.png,21799
PODIUM,21725_Помада-блиск для губ. Вишневий сироп 10 ml Jerelia PODIUM 21725_PODIUM.png,21725
PODIUM,21729_Помада-блиск для губ. Карамельний світанок 10 ml Jerelia PODIUM 21729_PODIUM.png,21729
PODIUM,21727_Помада-блиск для губ. Ніжний бузок 10 ml Jerelia PODIUM 21727_PODIUM.png,21727
PODIUM,21728_Помада-блиск для губ. Оксамитовий нюд 10 ml Jerelia PODIUM 21728_PODIUM.png,21728
PODIUM,21715_Румяна компактні PODIUM Балтійський світанок 7 g Jerelia PODIUM 21715_PODIUM.png,21715
PODIUM,21713_Румяна компактні PODIUM Скандинавський нюд 7 g Jerelia PODIUM 21713_PODIUM.png,21713
PODIUM,21793_Скульптор для обличчя.Medium 40 g Jerelia PODIUM 21793_PODIUM.png,21793
PODIUM,21706_Хайлайтер для обличчя Сонячне сяйво 7 g Jerelia PODIUM 21706_PODIUM.png,21706
Be Healthy,9377_Дієтична добавка Панкреатон 60 pcs Jerelia Be Healthy 09377_Be Healthy.png,9377
Be Healthy,8268_Detox. Зниження ваги та оздоровлення кишечника з Омега 3-6-9 150 g Jerelia Be Healthy 08268_Be Healthy.png,8268
Be Healthy,8269_Detox. Очищення і нормалізація мікрофлори 150 g Jerelia Be Healthy 08269_Be Healthy.png,8269
Be Healthy,9357_DETOXSLIM. Комплексне очищення організму та зниження ваги 150 g Jerelia Be Healthy 09357_Be Healthy.png,9357
Be Healthy,9344_IMMUNOGEN.Фітокомплекс з противірусною та антибактеріальною активністю 60 capsules Jerelia Be Healthy 09344_Be Healthy.png,9344
Be Healthy,9364_NEPHR-ON. Фітокомплекс для профілактики запальних захворювань нирок і сечовідних шляхів. 60 capsules Jerelia Be Healthy 09364_Be Healthy.png,9364
Be Healthy,9350_Reglucell. Комплекс для зниження та контролю маси тіла 60 capsules Jerelia Be Healthy 09350_Be Healthy.png,9350
Be Healthy,9322_VENO-FIT.Природній венотонік 60 capsules Jerelia Be Healthy 09322_Be Healthy.png,9322
Be Healthy,9363_Вітамін D3 2000 ME 60 capsules Jerelia Be Healthy 09363_Be Healthy.png,9363
Be Healthy,9323_Вітамін D3 для дітей 30 ml Jerelia Be Healthy 09323_Be Healthy.png,9323
Be Healthy,9354_Вітамін С з ехінацеєю 60 pills Jerelia Be Healthy 09354_Be Healthy.png,9354
Be Healthy,9304_Вітамінно-мінеральний комплекс Energy life 30 capsules Jerelia Be Healthy 09304_Be Healthy.png,9304
Be Healthy,9338_Гельмінтол. Антипаразитарний комплекс 60 capsules Jerelia Be Healthy 09338_Be Healthy.png,9338
Be Healthy,9324_Гепостан. Фітокомплекс для очищення печінки 60 capsules Jerelia Be Healthy 09324_Be Healthy.png,9324
Be Healthy,9345_Гінкго Білоба. Фітокомплекс для покращення роботи мозку та здоровя судин 60 capsules Jerelia Be Healthy 09345_Be Healthy.png,9345
Be Healthy,9336_Дикий Ямс. Фітокомплекс для нормалізації гормонального балансу 60 capsules Jerelia Be Healthy 09336_Be Healthy.png,9336
Be Healthy,8266_Дієтична добавка Офтальмонорм форте 60 capsules Jerelia Be Healthy 08266_Be Healthy.png,8266
Be Healthy,9332_Добавка дієтична Гарцинія Форте 60 capsules Jerelia Be Healthy 09332_Be Healthy.png,9332
Be Healthy,9334_Екстракт Броколі Сульфорафан 60 capsules Jerelia Be Healthy 09334_Be Healthy.png,9334
Be Healthy,9317_Жіночий комплекс вітамінів та мінералів Jerelia Gold 60 capsules Jerelia Be Healthy 09317_Be Healthy.png,9317
Be Healthy,9348_Імунозахисний вітамінний комплекс TRIOVIT 60 capsules Jerelia Be Healthy 09348_Be Healthy.png,9348
Be Healthy,9340_Кальцій D3 60 capsules Jerelia Be Healthy 09340_Be Healthy.png,9340
Be Healthy,9333_Комплекс для суглобів ХондроітинГлюкозамін MSM 60 capsules Jerelia Be Healthy 09333_Be Healthy.png,9333
Be Healthy,9321_Кордицепс 60 capsules Jerelia Be Healthy 09321_Be Healthy.png,9321
Be Healthy,9305_Магній  B6 Антистрес. Magnesium  B6 Antistress 60 pills Jerelia Be Healthy 09305_Be Healthy.png,9305
Be Healthy,9313_Мелатонін 40 capsules Jerelia Be Healthy 09313_Be Healthy.png,9313
Be Healthy,9360_Морський йод Sea Iodine 60 capsules Jerelia Be Healthy 09360_Be Healthy.png,9360
Be Healthy,9343_Натуральний Ресвератрол. Дієтична добавка 60 capsules Jerelia Be Healthy 09343_Be Healthy.png,9343
Be Healthy,9352_Олія чорного кмину Black Seed Oil 60 capsules Jerelia Be Healthy 09352_Be Healthy.png,9352
Be Healthy,9307_Омега - 3 для дітей 60 capsules Jerelia Be Healthy 09307_Be Healthy.png,9307
Be Healthy,9306_Омега - 3 Преміум 90 capsules Jerelia Be Healthy 09306_Be Healthy.png,9306
Be Healthy,9365_Омега 3 1000 мг 60 capsules Jerelia Be Healthy 09365_Be Healthy.png,9365
Be Healthy,9347_Природний афродизіак.Мака перуанська  Гуарана 60 capsules Jerelia Be Healthy 09347_Be Healthy.png,9347
Be Healthy,9351_Псиліум. Натуральна  клітковина 90 capsules Jerelia Be Healthy 09351_Be Healthy.png,9351
Be Healthy,9342_Спіруліна 90 pills Jerelia Be Healthy 09342_Be Healthy.png,9342
Be Healthy,9316_Фітокомплекс антипаразитарний Добропузик 60 capsules Jerelia Be Healthy 09316_Be Healthy.png,9316
Be Healthy,9320_Хітозан.Природній сорбент 60 capsules Jerelia Be Healthy 09320_Be Healthy.png,9320
Be Healthy,9335_Хлорела 90 pills Jerelia Be Healthy 09335_Be Healthy.png,9335
Be Healthy,9325_Хондровіт.Фітокомплекс проти болю в суглобах 60 capsules Jerelia Be Healthy 09325_Be Healthy.png,9325
Be Healthy,9312_Цинк Актив Цинк С 60 pills Jerelia Be Healthy 09312_Be Healthy.png,9312
YoUnique,5501_Антибактеріальний нічний крем з АНА-кислотами 50 ml Jerelia YoUnique 05501_YoUnique.png,5501
YoUnique,5506_Гель-маска холодного гідрування 75 ml Jerelia YoUnique 05506_YoUnique.png,5506
YoUnique,5502_Денний крем анти-акне SPF-15. Матуючий ефект 50 ml Jerelia YoUnique 05502_YoUnique.png,5502
YoUnique,5503_Ідеальна шкіра. Засіб 3 в 1 від чорних крапок. Очищення скраб маска. 150 ml Jerelia YoUnique 05503_YoUnique.png,5503
YoUnique,5511_Локальний SOS- лосьйон Бовтушка АнтиАкне 100 ml Jerelia YoUnique 05511_YoUnique.png,5511
YoUnique,5507_Маска-скраб з АНА-кислотами. Рівний тон обличчя 75 ml Jerelia YoUnique 05507_YoUnique.png,5507
YoUnique,5504_Очищуючий гель з AHA-кислотами та рослинними екстрактами 150 ml Jerelia YoUnique 05504_YoUnique.png,5504
YoUnique,5509_Пінка для вмивання з чорною глиною 150 ml Jerelia YoUnique 05509_YoUnique.png,5509
YoUnique,5512_Протизапальний  флюїд АнтиАкне 30 ml Jerelia YoUnique 05512_YoUnique.png,5512
YoUnique,5508_Себорегулююча та порозвужуюча маска з чорною вулканічною глиною 75 ml Jerelia YoUnique 05508_YoUnique.png,5508
YoUnique,5510_Сироватка анти-акне з рослинними екстрактами і азелаїновою кислотою 30 ml Jerelia YoUnique 05510_YoUnique.png,5510
YoUnique,5505_Тонік з АНА ВНА кислотами та рослинними екстрактами 100 ml Jerelia YoUnique 05505_YoUnique.png,5505
YoUnique,21513_Чорна маска-плівка 100 ml Jerelia YoUnique 21513_YoUnique.png,21513
Omega,23701_Бальзам для волосся. Omega hair balm 250 ml Jerelia Omega 23701_Omega.png,23701
Omega,23703_Двофазний спрей для кінчиків волосся. Spray for hair tips with Omega 150 ml Jerelia Omega 23703_Omega.png,23703
Omega,23702_Маска для волосся. Hair mask with Omega 250 ml Jerelia Omega 23702_Omega.png,23702
Omega,23704_Шампунь для волосся. Omega hair shampoo 250 ml Jerelia Omega 23704_Omega.png,23704
Hair System,6903_Бальзам проти випадіння волосся. Крок 3 250 ml Jerelia Hair System 06903_Hair System.png,6903
Hair System,6901_Есенція-стимулятор для росту волосся. Крок 1 100 ml Jerelia Hair System 06901_Hair System.png,6901
Hair System,6913_Комплекс проти випадіння волосся та для покращення росту волосся. Крок 6 60 capsules Jerelia Hair System 06913_Hair System.png,6913
Hair System,6910_Маска для глибокого очищення шкіри та позбавлення від лупи 150 ml Jerelia Hair System 06910_Hair System.png,6910
Hair System,6904_Маска проти випадіння волосся. Крок 4 250 ml Jerelia Hair System 06904_Hair System.png,6904
Hair System,6905_Сироватка-спрей проти випадіння волосся. Крок 5 150 ml Jerelia Hair System 06905_Hair System.png,6905
Hair System,6902_Шампунь проти випадіння волосся. Крок 2 250 ml Jerelia Hair System 06902_Hair System.png,6902
Hair System,6909_Шампунь проти лупи 250 ml Jerelia Hair System 06909_Hair System.png,6909
KVІTKA,2636_Сімейний гель для душу  COCONUT RELAX 750 ml Jerelia KVІTKA 02636_KVІTKA.png,2636
KVІTKA,2634_Сімейний гель для душу  MOISTURIZING GRAPE 750 ml Jerelia KVІTKA 02634_KVІTKA.png,2634
KVІTKA,2635_Сімейний гель для душу ENERGY MANGO 750 ml Jerelia KVІTKA 02635_KVІTKA.png,2635
KVІTKA,2631_Шампунь-кондиціонер для всіх типів волосся. Укріплюючий з молочними протеїнами та екстрактом вівса. 750 ml Jerelia KVІTKA 02631_KVІTKA.png,2631
KVІTKA,2629_Шампунь-кондиціонер для жирного волосся з олією календули та вітаміном Е 750 ml Jerelia KVІTKA 02629_KVІTKA.png,2629
KVІTKA,2630_Шампунь-кондиціонер для сухого та пошкодженого волосся з гліцерином та олією ромашки 750 ml Jerelia KVІTKA 02630_KVІTKA.png,2630
