Бренд;Артикул;Назва;Посилання на фото
KVІTKA;02630;Шампунь-кондиціонер для сухого та пошкодженого волосся з гліцерином та олією ромашки 750 ml Jerelia KVІTKA (02630);https://cdn1.jerelia.com/Pictures/jerelia_02630_1_158019414.png
KVІTKA;02629;Шампунь-кондиціонер для жирного волосся з олією календули та вітаміном Е 750 ml Jerelia KVІTKA (02629);https://cdn1.jerelia.com/Pictures/jerelia_02629_1_76979618.png
KVІTKA;02631;Шампунь-кондиціонер для всіх типів волосся. Укріплюючий з молочними протеїнами та екстрактом вівса. 750 ml Jerelia KVІTKA (02631);https://cdn1.jerelia.com/Pictures/jerelia_02631_1_158019434.png
Hair System;06909;Шампунь проти лупи 250 ml Jerelia Hair System (06909);https://cdn1.jerelia.com/Pictures/jerelia_06909_1_67806721.png
Hair System;06902;Шампунь проти випадіння волосся. Крок 2 250 ml Jerelia Hair System (06902);https://cdn1.jerelia.com/Pictures/jerelia_06902_1_94316920.png
Omega;23704;Шампунь для волосся. Omega hair shampoo 250 ml Jerelia Omega (23704);https://cdn1.jerelia.com/Pictures/jerelia_23704_1.png
YoUnique;21513;Чорна маска-плівка 100 ml Jerelia YoUnique (21513);https://cdn1.jerelia.com/Pictures/jerelia_21513_1_122388723.png
Be Healthy;09312;Цинк Актив (Цинк С) 60 pills Jerelia Be Healthy (09312);https://cdn1.jerelia.com/Pictures/jerelia_09312_1.png
Be Healthy;09325;Хондровіт.Фітокомплекс проти болю в суглобах 60 capsules Jerelia Be Healthy (09325);https://cdn1.jerelia.com/Pictures/jerelia_09325_1_148232818.png
Be Healthy;09335;Хлорела 90 pills Jerelia Be Healthy (09335);https://cdn1.jerelia.com/Pictures/jerelia_09335_1.png
Be Healthy;09320;Хітозан.Природній сорбент 60 capsules Jerelia Be Healthy (09320);https://cdn1.jerelia.com/Pictures/jerelia_09320_1_120353932.png
PODIUM;21706;"Хайлайтер для обличчя ""Сонячне сяйво"" 7 g Jerelia PODIUM (21706)";https://cdn1.jerelia.com/Pictures/jerelia_21706_1.png
Be Healthy;09316;"Фітокомплекс антипаразитарний ""Добропузик"" 60 capsules Jerelia Be Healthy (09316)";https://cdn1.jerelia.com/Pictures/jerelia_09316_1.png
MOLFAR;11015;"Фітогель для ніг з екстрактом п‘явки ""VARICOSTOP effect"" 100 ml Jerelia MOLFAR (11015)";https://cdn1.jerelia.com/Pictures/jerelia_11015_1_161006804.png
Oselya;52452;Універсальний професійний засіб АнтиЖир 500 ml Oselya Jerelia (52452);https://cdn1.jerelia.com/Pictures/jerelia_52452_1_165594146.png
SPA;21554;Універсальний зволожуючий гель з алоє вера 200 ml Jerelia SPA (21554);https://cdn1.jerelia.com/Pictures/jerelia_21554_1_81120964.png
Oselya;52405;Універсальний засіб для кухонних поверхонь 500 ml Oselya Jerelia (52405);https://cdn1.jerelia.com/Pictures/jerelia_52405_1_165593918.png
Oselya;52456;Універсальний гель для очищення ванної кімнати 500 ml Oselya Jerelia (52456);https://cdn1.jerelia.com/Pictures/jerelia_52456_1_165594159.png
PERFI LAB;06424;Туалетна вода для жінок SOLOMIA 2.0. 30 ml Jerelia PERFI LAB (06424);https://cdn1.jerelia.com/Pictures/jerelia_06424_1_94919218.png
PERFI LAB;06423;Туалетна вода для жінок ROKSOLANA 2.0. 30 ml Jerelia PERFI LAB (06423);https://cdn1.jerelia.com/Pictures/jerelia_06423_1_94918889.png
PERFI LAB;06409;Туалетна вода la Reine 50 ml Jerelia PERFI LAB (06409);https://cdn1.jerelia.com/Pictures/jerelia_06409_1.png
ROZKISHNA;00815;Тонік з гіалуроновою кислотою та екстрактом зеленого чаю. Антивікова формула 200 ml Jerelia ROZKISHNA (00815);https://cdn1.jerelia.com/Pictures/jerelia_00815_1_165366408.png
YoUnique;05505;Тонік з АНА ВНА кислотами та рослинними екстрактами 100 ml Jerelia YoUnique (05505);https://cdn1.jerelia.com/Pictures/jerelia_05505_1_120353832.png
Ikra;00526;Тонізуючий лосьйон для обличчя, шиї та декольте 200 ml Jerelia Ikra (00526);https://cdn1.jerelia.com/Pictures/jerelia_00526_1_165247131.png
SPA;21544;"Тонізуючий гель для душу ""Лемонграс&Лайм"" 300 ml Jerelia SPA (21544)";https://cdn1.jerelia.com/Pictures/jerelia_21544_1_94931068.png
Be Healthy;09342;Спіруліна 90 pills Jerelia Be Healthy (09342);https://cdn1.jerelia.com/Pictures/jerelia_09342_1.png
PODIUM;21793;Скульптор для обличчя.Medium 40 g Jerelia PODIUM (21793);https://cdn1.jerelia.com/Pictures/jerelia_21793_1.png
El'curl;71672;Скраб-пілінг для глибокого очищення шкіри голови та волосся 200 ml Jerelia El'curl (71672);https://cdn1.jerelia.com/Pictures/jerelia_71672_1_90268192.png
KVІTKA;02635;Сімейний гель для душу «ENERGY MANGO» 750 ml Jerelia KVІTKA (02635);https://cdn1.jerelia.com/Pictures/jerelia_02635_1_106004159.png
KVІTKA;02634;Сімейний гель для душу  «MOISTURIZING GRAPE» 750 ml Jerelia KVІTKA (02634);https://cdn1.jerelia.com/Pictures/jerelia_02634_1_106004037.png
KVІTKA;02636;Сімейний гель для душу  «COCONUT RELAX» 750 ml Jerelia KVІTKA (02636);https://cdn1.jerelia.com/Pictures/jerelia_02636_1_106004177.png
Nature Therapy ;21806;Сироп для покращення зору 200 ml Jerelia Nature Therapy  (21806);https://cdn1.jerelia.com/Pictures/jerelia_21806_1_94833839.png
Nature Therapy ;21808;"Сироп для зміцнення імунітету ""Ехінацея"" 200 ml Jerelia Nature Therapy  (21808)";https://cdn1.jerelia.com/Pictures/jerelia_21808_1.png
Nature Therapy ;21805;"Сироп ""Покращення памяті з гінкго білоба"" 200 ml Jerelia Nature Therapy  (21805)";https://cdn1.jerelia.com/Pictures/jerelia_21805_1_94833817.png
Hair System;06905;Сироватка-спрей проти випадіння волосся. Крок 5 150 ml Jerelia Hair System (06905);https://cdn1.jerelia.com/Pictures/jerelia_06905_1_94316963.png
ROZKISHNA;00816;Сироватка-концентрат з гіалуроновою кислотою. Антивікова формула 30 ml Jerelia ROZKISHNA (00816);https://cdn1.jerelia.com/Pictures/jerelia_00816_1_165366419.png
Ikra;00516;Сироватка молодості для ліфтингу та пружності 30 ml Jerelia Ikra (00516);https://cdn1.jerelia.com/Pictures/jerelia_00516_1_165247114.png
YoUnique;05510;Сироватка анти-акне з рослинними екстрактами і азелаїновою кислотою 30 ml Jerelia YoUnique (05510);https://cdn1.jerelia.com/Pictures/jerelia_05510_1_94314559.png
YoUnique;05508;Себорегулююча та порозвужуюча маска з чорною вулканічною глиною 75 ml Jerelia YoUnique (05508);https://cdn1.jerelia.com/Pictures/jerelia_05508_1_94314437.png
MineraL;07710;Сапропелевий скраб для тіла 250 ml Jerelia MineraL (07710);https://cdn1.jerelia.com/Pictures/jerelia_07710_1.png
PODIUM;21713;"Рум’яна компактні PODIUM ""Скандинавський нюд"" 7 g Jerelia PODIUM (21713)";https://cdn1.jerelia.com/Pictures/jerelia_21713_1.png
PODIUM;21715;"Рум’яна компактні PODIUM ""Балтійський світанок"" 7 g Jerelia PODIUM (21715)";https://cdn1.jerelia.com/Pictures/jerelia_21713_1.png
Nature Therapy ;21809;Роликовий бальзам від застуди та головного болю 15 ml Jerelia Nature Therapy  (21809);https://cdn1.jerelia.com/Pictures/jerelia_21809_1.png
TouchCare;23507;Рідкий тальк для ніг 75 ml Jerelia TouchCare (23507);https://cdn1.jerelia.com/Pictures/jerelia_23507_1.png
SPA;21547;"Рідке мило зволожуюче ""Грейпфрут&червоний апельсин"" 300 ml Jerelia SPA (21547)";https://cdn1.jerelia.com/Pictures/jerelia_21547_1_94919019.png
Be Healthy;09351;Псиліум. Натуральна  клітковина 90 capsules Jerelia Be Healthy (09351);https://cdn1.jerelia.com/Pictures/jerelia_09351_1_63031721.png
YoUnique;05512;Протизапальний  флюїд АнтиАкне 30 ml Jerelia YoUnique (05512);https://cdn1.jerelia.com/Pictures/jerelia_05512_1_123906641.png
Be Healthy;09347;Природний афродизіак.Мака перуанська & Гуарана 60 capsules Jerelia Be Healthy (09347);https://cdn1.jerelia.com/Pictures/jerelia_09347_1_148232741.png
PODIUM;21728;Помада-блиск для губ. Оксамитовий нюд 10 ml Jerelia PODIUM (21728);https://cdn1.jerelia.com/Pictures/jerelia_21728_1.png
PODIUM;21727;Помада-блиск для губ. Ніжний бузок 10 ml Jerelia PODIUM (21727);https://cdn1.jerelia.com/Pictures/jerelia_21727_1.png
PODIUM;21729;Помада-блиск для губ. Карамельний світанок 10 ml Jerelia PODIUM (21729);https://cdn1.jerelia.com/Pictures/jerelia_21729_1.png
PODIUM;21725;Помада-блиск для губ. Вишневий сироп 10 ml Jerelia PODIUM (21725);https://cdn1.jerelia.com/Pictures/jerelia_21725_1.png
Oselya;52411;Поліроль для меблів 300 ml Oselya Jerelia (52411);https://cdn1.jerelia.com/Pictures/jerelia_52411_1_85488753.png
Oselya;52439;Плямовивідник для кольорових речей з ензимами Oxy Power 400 ml Oselya Jerelia (52439);https://cdn1.jerelia.com/Pictures/jerelia_52439_1_120354249.png
Oselya;52420;Пінний плямовивідник для килимів та текстилю 150 ml Oselya Jerelia (52420);https://cdn1.jerelia.com/Pictures/jerelia_52420_1.png
YoUnique;05509;Пінка для вмивання з чорною глиною 150 ml Jerelia YoUnique (05509);https://cdn1.jerelia.com/Pictures/jerelia_05509_1.png
Oselya;52408;Піна для чищення ванни кахлю та сантехніки 500 ml Oselya Jerelia (52408);https://cdn1.jerelia.com/Pictures/jerelia_52408_1_165593943.png
Rozkishna formula;04902;Питний колагеновий бустер 125 g Jerelia Rozkishna formula (04902);https://cdn1.jerelia.com/Pictures/jerelia_04902_1.png
WOW effect;05414;Патчі для зменшення темних кіл та набряків під очима 30 ml Jerelia WOW effect (05414);https://cdn1.jerelia.com/Pictures/jerelia_05414_1_64073165.png
PERFI LAB;06450;Парфумований спрей для тіла та волосся «Si» 100 ml Jerelia PERFI LAB (06450);https://cdn1.jerelia.com/Pictures/jerelia_06450_1_57329303.png
PERFI LAB;06449;Парфумований спрей для тіла та волосся «Pink Molécule» 100 ml Jerelia PERFI LAB (06449);https://cdn1.jerelia.com/Pictures/jerelia_06449_1_57329405.png
PERFI LAB;06448;Парфумований спрей для тіла та волосся «Ange Ou Demon» 100 ml Jerelia PERFI LAB (06448);https://cdn1.jerelia.com/Pictures/jerelia_06448_1_57329347.png
PERFI LAB;06447;"Парфумований спрей для тіла та волосся ""Good Girl"" 100 ml Jerelia PERFI LAB (06447)";https://cdn1.jerelia.com/Pictures/jerelia_06447_1_57329380.png
PERFI LAB;24121;Парфумована вода VILNA 55 ml Jerelia PERFI LAB (24121);https://cdn1.jerelia.com/Pictures/jerelia_24121_1_131472066.png
PERFI LAB;06475;Парфумована вода VETIVER 60 ml Jerelia PERFI LAB (06475);https://cdn1.jerelia.com/Pictures/jerelia_06475_1_165681009.png
PERFI LAB;06472;Парфумована вода PASSION 55 ml Jerelia PERFI LAB (06472);https://cdn1.jerelia.com/Pictures/jerelia_06472_1_131471996.png
PERFI LAB;06469;Парфумована вода ONE CANDY 55 ml Jerelia PERFI LAB (06469);https://cdn1.jerelia.com/Pictures/jerelia_06469_1_131471953.png
PERFI LAB;06467;Парфумована вода Life Essence 55 ml Jerelia PERFI LAB (06467);https://cdn1.jerelia.com/Pictures/jerelia_06467_1_131471924.png
PERFI LAB;24122;Парфумована вода LELIA 55 ml Jerelia PERFI LAB (24122);https://cdn1.jerelia.com/Pictures/jerelia_24122_1_131472082.png
PERFI LAB;06470;Парфумована вода KISS ME 55 ml Jerelia PERFI LAB (06470);https://cdn1.jerelia.com/Pictures/jerelia_06470_1_131471967.png
PERFI LAB;06473;Парфумована вода JULLIETTA 55 ml Jerelia PERFI LAB (06473);https://cdn1.jerelia.com/Pictures/jerelia_06473_1_131472009.png
PERFI LAB;06476;Парфумована вода INTENSITY SPORT 60 ml Jerelia PERFI LAB (06476);https://cdn1.jerelia.com/Pictures/jerelia_06476_1_95515489.png
PERFI LAB;06471;Парфумована вода HYPNOTIC 55 ml Jerelia PERFI LAB (06471);https://cdn1.jerelia.com/Pictures/jerelia_06471_1_131471981.png
PERFI LAB;06465;Парфумована вода FREYA 55 ml Jerelia PERFI LAB (06465);https://cdn1.jerelia.com/Pictures/jerelia_06465_1_131471877.png
PERFI LAB;06466;Парфумована вода FLORINE 55 ml Jerelia PERFI LAB (06466);https://cdn1.jerelia.com/Pictures/jerelia_06466_1_131471908.png
PERFI LAB;06479;Парфумована вода EGOISTE 60 ml Jerelia PERFI LAB (06479);https://cdn1.jerelia.com/Pictures/jerelia_06479_1_95516068.png
PERFI LAB;06478;Парфумована вода COURAGE 60 ml Jerelia PERFI LAB (06478);https://cdn1.jerelia.com/Pictures/jerelia_06478_1_95515847.png
PERFI LAB;06477;Парфумована вода BLUE ICE 60 ml Jerelia PERFI LAB (06477);https://cdn1.jerelia.com/Pictures/jerelia_06477_1_95515662.png
PERFI LAB;06474;Парфумована вода ARTEMIDA 55 ml Jerelia PERFI LAB (06474);https://cdn1.jerelia.com/Pictures/jerelia_06474_1_131472026.png
PERFI LAB;06468;Парфумована вода AMORE 55 ml Jerelia PERFI LAB (06468);https://cdn1.jerelia.com/Pictures/jerelia_06468_1_164553979.png
YoUnique;05504;Очищуючий гель з AHA-кислотами та рослинними екстрактами 150 ml Jerelia YoUnique (05504);https://cdn1.jerelia.com/Pictures/jerelia_05504_1.png
YASNA;08314;"Ополіскувач для ротової порожнини ""Свіжість подиху"". Протизапальний 250 ml Jerelia YASNA (08314)";https://cdn1.jerelia.com/Pictures/jerelia_08314_1_106879243.png
Be Healthy;09365;Омега 3 1000 мг 60 capsules Jerelia Be Healthy (09365);https://cdn1.jerelia.com/Pictures/jerelia_09365_1_102128411.png
Be Healthy;09306;Омега - 3 Преміум 90 capsules Jerelia Be Healthy (09306);https://cdn1.jerelia.com/Pictures/jerelia_09306_1_94316989.png
Be Healthy;09307;Омега - 3 для дітей 60 capsules Jerelia Be Healthy (09307);https://cdn1.jerelia.com/Pictures/jerelia_09307_1_148232718.png
Be Healthy;09352;Олія чорного кмину (Black Seed Oil) 60 capsules Jerelia Be Healthy (09352);https://cdn1.jerelia.com/Pictures/jerelia_09352_1_64084995.png
Rozkishna formula;04903;Нутрикомплекс для краси волосся, нігтів та шкіри 60 capsules Jerelia Rozkishna formula (04903);https://cdn1.jerelia.com/Pictures/jerelia_04903_1_94310979.png
Ikra;00519;Нічний крем моделюючий з еластином 50 ml Jerelia Ikra (00519);https://cdn1.jerelia.com/Pictures/jerelia_00519_1_165248985.png
ROZKISHNA;00812;Нічний крем з гіалуроновою кислотою та пептидним комплексом. Антивікова формула 50 ml Jerelia ROZKISHNA (00812);https://cdn1.jerelia.com/Pictures/jerelia_00812_1_165366351.png
LaFemme;07801;Ніжна пінка для інтимної гігієни 150 ml Jerelia LaFemme (07801);https://cdn1.jerelia.com/Pictures/jerelia_07801_1.png
Oselya;06702;Нейтралізатор запахів з ароматом лайму 1000 ml Oselya Jerelia (06702);https://cdn1.jerelia.com/Pictures/jerelia_06702_1_118853332.png
Be Healthy;09343;Натуральний Ресвератрол. Дієтична добавка 60 capsules Jerelia Be Healthy (09343);https://cdn1.jerelia.com/Pictures/jerelia_09343_1_150472783.png
MOLFAR;11023;Натуральне дігтярне мило 75 g Jerelia MOLFAR (11023);https://cdn1.jerelia.com/Pictures/jerelia_11023_1_55989842.png
Nature Therapy ;21807;Назальний спрей з екстрактом цикламену 30 ml Jerelia Nature Therapy  (21807);https://cdn1.jerelia.com/Pictures/jerelia_21807_1.png
BLOT;01607;Набір вируючих бомбочок для ванн з 3-х кульок 3 pcs Jerelia BLOT (01607);https://cdn1.jerelia.com/Pictures/jerelia_01607_1_157378523.png
Be Healthy;09360;Морський йод (Sea Iodine) 60 capsules Jerelia Be Healthy (09360);https://cdn1.jerelia.com/Pictures/jerelia_09360_1_89843230.png
Ikra;00517;Міцелярний мус для очищення шкіри з біозолотом 200 ml Jerelia Ikra (00517);https://cdn1.jerelia.com/Pictures/jerelia_00517_1_165247028.png
PODIUM;21799;Міцелярна вода для очищення шкіри та очей від макіяжу 200 ml Jerelia PODIUM (21799);https://cdn1.jerelia.com/Pictures/jerelia_21799_1_147710771.png
SPA;21550;Мигдальна двофазна олія для душу 200 ml Jerelia SPA (21550);https://cdn1.jerelia.com/Pictures/jerelia_21550_1_64340784.png
SPA;21551;Мерехтливий цукровий скраб для тіла з глітером 200 g Jerelia SPA (21551);https://cdn1.jerelia.com/Pictures/jerelia_21551_1_57328881.png
Be Healthy;09313;Мелатонін 40 capsules Jerelia Be Healthy (09313);https://cdn1.jerelia.com/Pictures/jerelia_09313_1.png
Nature Therapy ;21815;Медікрем.Антисептичний, протизапальний крем з цинком 50 ml Jerelia Nature Therapy  (21815);https://cdn1.jerelia.com/Pictures/jerelia_21815_1_120354194.png
YoUnique;05507;Маска-скраб з АНА-кислотами. Рівний тон обличчя 75 ml Jerelia YoUnique (05507);https://cdn1.jerelia.com/Pictures/jerelia_05507_1.png
Hair System;06904;Маска проти випадіння волосся. Крок 4 250 ml Jerelia Hair System (06904);https://cdn1.jerelia.com/Pictures/jerelia_06904_1_94316949.png
Hair System;06910;Маска для глибокого очищення шкіри та позбавлення від лупи 150 ml Jerelia Hair System (06910);https://cdn1.jerelia.com/Pictures/jerelia_06910_1_67806734.png
Omega;23702;Маска для волосся. Hair mask with Omega 250 ml Jerelia Omega (23702);https://cdn1.jerelia.com/Pictures/jerelia_23702_1.png
ROZKISHNA;00818;Масажний протинабряковий ролик для шкіри навколо очей 15 ml Jerelia ROZKISHNA (00818);https://cdn1.jerelia.com/Pictures/jerelia_00818_1_165366430.png
MOLFAR;11021;"Масажний гель з екстрактом червоного перцю та хріну ""Double effect"" 500 ml Jerelia MOLFAR (11021)";https://cdn1.jerelia.com/Pictures/jerelia_11021_1.png
MOLFAR;11022;Масажний гель з екстрактом кінського каштану FORTE+ 500 ml Jerelia MOLFAR (11022);https://cdn1.jerelia.com/Pictures/jerelia_11022_1.png
Be Healthy;09305;"Магній + B6 ""Антистрес"". Magnesium + B6 ""Antistress"" 60 pills Jerelia Be Healthy (09305)";https://cdn1.jerelia.com/Pictures/jerelia_09305_1.png
YoUnique;05511;Локальний SOS- лосьйон (Бовтушка) АнтиАкне 100 ml Jerelia YoUnique (05511);https://cdn1.jerelia.com/Pictures/jerelia_05511_1_64085042.png
TouchCare;23506;Крем-олія для рук від сухості та тріщин 75 ml Jerelia TouchCare (23506);https://cdn1.jerelia.com/Pictures/jerelia_23506_1.png
SPA;21546;"Крем-мило ""Лемонграс&Лайм"" 300 ml Jerelia SPA (21546)";https://cdn1.jerelia.com/Pictures/jerelia_21546_1_94919005.png
TouchCare;23510;"Крем-маска для рук 2в1 ""Парафінові рукавички"" 150 ml Jerelia TouchCare (23510)";https://cdn1.jerelia.com/Pictures/jerelia_23510_1.png
Ikra;00520;Крем-гель для шкіри навколо очей з  біозолотом 15 ml Jerelia Ikra (00520);https://cdn1.jerelia.com/Pictures/jerelia_00520_1_165247095.png
BLOT;01605;Крем-бальзам для тіла «Регенеруючий» 50 g Jerelia BLOT (01605);https://cdn1.jerelia.com/Pictures/jerelia_01605_1_84238217.png
ROZKISHNA;00813;Крем для шкіри навколо очей з гіалуроновою кислотою та пептидним комплексом. Антивікова формула 15 ml Jerelia ROZKISHNA (00813);https://cdn1.jerelia.com/Pictures/jerelia_00813_1_165366362.png
TouchCare;23502;Крем для рук зволожуючий 75 ml Jerelia TouchCare (23502);https://cdn1.jerelia.com/Pictures/jerelia_23502_2.png
MOLFAR;11016;"Крем для профілактики захворювань суглобів ""Osteo BioEffect"" 100 ml Jerelia MOLFAR (11016)";https://cdn1.jerelia.com/Pictures/jerelia_11016_1_165191155.png
TouchCare;23508;Крем для ніг від сухості та тріщин із олією таману 115 ml Jerelia TouchCare (23508);https://cdn1.jerelia.com/Pictures/jerelia_23508_1.png
Be Healthy;09321;Кордицепс 60 capsules Jerelia Be Healthy (09321);https://cdn1.jerelia.com/Pictures/jerelia_09321_1_148232690.png
Nature Therapy ;21817;Концентрований заспокійливий сироп «Антистрес» 100 ml Jerelia Nature Therapy  (21817);https://cdn1.jerelia.com/Pictures/jerelia_21817_1_77492227.png
Oselya;07301;Концентрований засіб для прання універсальний 500 ml Oselya Jerelia (07301);https://cdn1.jerelia.com/Pictures/jerelia_07301_1.png
Oselya;52437;Концентрований засіб для миття посуду на основі соди та гірчиці 500 ml Oselya Jerelia (52437);https://cdn1.jerelia.com/Pictures/jerelia_52437_1_165594090.png
Oselya;52438;Концентрований біогель для миття посуду 300 ml Oselya Jerelia (52438);https://cdn1.jerelia.com/Pictures/jerelia_52438_1_165594118.png
Oselya;52410;Концентрат для чищення кавомашин чайників від накипу 1000 ml Oselya Jerelia (52410);https://cdn1.jerelia.com/Pictures/jerelia_52410_1_93882685.png
Oselya;52440;Кондиціонер ополіскувач для білизни Небесна блакить 1000 ml Oselya Jerelia (52440);https://cdn1.jerelia.com/Pictures/jerelia_52440_1.png
Oselya;52443;Кондиціонер ополіскувач для білизни Делікатний дотик 400 g Oselya Jerelia (52443);https://cdn1.jerelia.com/Pictures/jerelia_52443_1.png
Hair System;06913;Комплекс проти випадіння волосся та для покращення росту волосся. Крок 6 60 capsules Jerelia Hair System (06913);https://cdn1.jerelia.com/Pictures/jerelia_06913_1_90698062.png
Be Healthy;09333;"Комплекс для суглобів ""Хондроітин+Глюкозамін+ MSM"" 60 capsules Jerelia Be Healthy (09333)";https://cdn1.jerelia.com/Pictures/jerelia_09333_1_150472742.png
Oselya;52433;Кисневий відбілювач Oxy Power 300 ml Oselya Jerelia (52433);https://cdn1.jerelia.com/Pictures/jerelia_52433_1_120354231.png
Be Healthy;09340;Кальцій D3 60 capsules Jerelia Be Healthy (09340);https://cdn1.jerelia.com/Pictures/jerelia_09340_1.png
LaFemme;07804;Інтимний гель-лубрикант 75 ml Jerelia LaFemme (07804);https://cdn1.jerelia.com/Pictures/jerelia_07804_1_120353902.png
Be Healthy;09348;"Імунозахисний вітамінний комплекс ""TRIOVIT"" 60 capsules Jerelia Be Healthy (09348)";https://cdn1.jerelia.com/Pictures/jerelia_09348_1_150478396.png
YoUnique;05503;Ідеальна шкіра. Засіб 3 в 1 від чорних крапок. Очищення, скраб, маска. 150 ml Jerelia YoUnique (05503);https://cdn1.jerelia.com/Pictures/jerelia_05503_1.png
BLOT;08318;Зубна паста для дітей від 8 років. Суниця 60 ml Jerelia BLOT (08318);https://cdn1.jerelia.com/Pictures/jerelia_08318_1.png
BLOT;08317;Зубна паста для дітей від 8 років. Бабл гам 60 ml Jerelia BLOT (08317);https://cdn1.jerelia.com/Pictures/jerelia_08317_1.png
Yasna Premium;19003;"Зубна паста ""Кава та тютюн"" 60 ml Jerelia Yasna Premium (19003)";https://cdn1.jerelia.com/Pictures/jerelia_19003_1_133105910.png
Yasna Premium;19002;"Зубна паста ""Захист чутливих зубів"" 100 ml Jerelia Yasna Premium (19002)";https://cdn1.jerelia.com/Pictures/jerelia_19002_1.png
Yasna Premium;19001;"Зубна паста ""Відбілювання та догляд"" 100 ml Jerelia Yasna Premium (19001)";https://cdn1.jerelia.com/Pictures/jerelia_19001_1.png
4seasons;06809;Зимовий крем для обличчя з протеїнами кашеміру 50 ml Jerelia 4seasons (06809);https://cdn1.jerelia.com/Pictures/jerelia_06809_1.png
PODIUM;21721;Зволожуючий праймер під макіяж з матуючим ефектом. Класичний 30 ml Jerelia PODIUM (21721);https://cdn1.jerelia.com/Pictures/jerelia_21721_1.png
PODIUM;21790;Зволожуючий праймер під макіяж з матуючим ефектом. Зелений 30 ml Jerelia PODIUM (21790);https://cdn1.jerelia.com/Pictures/jerelia_21790_1.png
SPA;21545;"Зволожуючий  гель для душу ""Грейпфрут & червоний апельсин"" 300 ml Jerelia SPA (21545)";https://cdn1.jerelia.com/Pictures/jerelia_21545_1_94931082.png
Oselya;52409;Засіб для чищення пральних машин від накипу 500 ml Oselya Jerelia (52409);https://cdn1.jerelia.com/Pictures/jerelia_52409_1_64073425.png
Oselya;52414;Засіб для чищення духовок витяжок та грилю Суперсила 500 ml Oselya Jerelia (52414);https://cdn1.jerelia.com/Pictures/jerelia_52414_1_165593987.png
Oselya;52422;Засіб для прочищення каналізаційних труб 1000 ml Oselya Jerelia (52422);https://cdn1.jerelia.com/Pictures/jerelia_52422_1_165594047.png
Oselya;52403;Засіб для прання темних речей 1000 ml Oselya Jerelia (52403);https://cdn1.jerelia.com/Pictures/jerelia_52403_1_165593895.png
Oselya;52402;Засіб для прання кольорових речей 1000 ml Oselya Jerelia (52402);https://cdn1.jerelia.com/Pictures/jerelia_52402_1_165593883.png
Oselya;52401;Засіб для прання білих речей 500 ml Oselya Jerelia (52401);https://cdn1.jerelia.com/Pictures/jerelia_52401_1_165593859.png
Oselya;52404;Засіб для миття посуду 500 ml Oselya Jerelia (52404);https://cdn1.jerelia.com/Pictures/jerelia_52404_1_165593909.png
Oselya;52412;Засіб для миття підлоги 500 ml Oselya Jerelia (52412);https://cdn1.jerelia.com/Pictures/jerelia_52412_1_165593968.png
Oselya;52407;Засіб для миття дзеркал та скла 300 ml Oselya Jerelia (52407);https://cdn1.jerelia.com/Pictures/jerelia_52407_1_165593931.png
Oselya;52416;Засіб для видалення плям Червоні темні 500 ml Oselya Jerelia (52416);https://cdn1.jerelia.com/Pictures/jerelia_52416_1_85488777.png
Oselya;52435;Засіб для видалення плям Жовті Світлі 300 ml Oselya Jerelia (52435);https://cdn1.jerelia.com/Pictures/jerelia_52435_1_165594074.png
Oselya;52446;Засіб для видалення плісняви на основі перекису водню 500 ml Oselya Jerelia (52446);https://cdn1.jerelia.com/Pictures/jerelia_52446_1_165594133.png
Oselya;52426;Засіб для видалення жиру Extra Cleaner 500 ml Oselya Jerelia (52426);https://cdn1.jerelia.com/Pictures/jerelia_52426_1_165594060.png
Oselya;52421;Засіб від стійкого вапняного нальоту та іржі Суперефект 500 ml Oselya Jerelia (52421);https://cdn1.jerelia.com/Pictures/jerelia_52421_1_165594035.png
Oselya;52419;Засіб від плісняви з хлором 500 ml Oselya Jerelia (52419);https://cdn1.jerelia.com/Pictures/jerelia_52419_1_165594009.png
Be Healthy;09317;"Жіночий комплекс вітамінів та мінералів ""Jerelia Gold"" 60 capsules Jerelia Be Healthy (09317)";https://cdn1.jerelia.com/Pictures/jerelia_09317_1_150038028.png
Hair System;06901;Есенція-стимулятор для росту волосся. Крок 1 100 ml Jerelia Hair System (06901);https://cdn1.jerelia.com/Pictures/jerelia_06901_1_94316906.png
Be Healthy;09334;Екстракт Броколі (Сульфорафан) 60 capsules Jerelia Be Healthy (09334);https://cdn1.jerelia.com/Pictures/jerelia_09334_1_148232795.png
Be Healthy;09332;"Добавка дієтична ""Гарцинія Форте"" 60 capsules Jerelia Be Healthy (09332)";https://cdn1.jerelia.com/Pictures/jerelia_09332_1.png
Be Healthy;08266;"Дієтична добавка ""Офтальмонорм форте"" 60 capsules Jerelia Be Healthy (08266)";https://cdn1.jerelia.com/Pictures/jerelia_08266_1_57329811.png
BLOT;01606;Дитячий шампунь, гель для душу та піна для ванни 3в1 250 ml Jerelia BLOT (01606);https://cdn1.jerelia.com/Pictures/jerelia_01606_1_78957953.png
BLOT;08315;Дитячий ополіскувач для ротової порожнини з соком малини 250 ml Jerelia BLOT (08315);https://cdn1.jerelia.com/Pictures/jerelia_08315_1_153575342.png
ANGEL;06024;Дитячий крем для чутливої шкіри з перших днів життя 0+ 100 g Jerelia ANGEL (06024);https://cdn1.jerelia.com/Pictures/jerelia_06024_1_59182461.png
ANGEL;06025;"Дитяча пінка 3 в1 ""Від маківки до п'яточок"" 300 ml Jerelia ANGEL (06025)";https://cdn1.jerelia.com/Pictures/jerelia_06025_1_59179942.png
YASNA;08313;"Дитяча зубна паста ""Миле зайченя"". Від 1 року 50 ml Jerelia YASNA (08313)";https://cdn1.jerelia.com/Pictures/jerelia_08313_1.png
Be Healthy;09336;Дикий Ямс. Фітокомплекс для нормалізації гормонального балансу 60 capsules Jerelia Be Healthy (09336);https://cdn1.jerelia.com/Pictures/jerelia_09336_1.png
Ikra;00518;Денний крем-ліфтинг з колагеном 50 ml Jerelia Ikra (00518);https://cdn1.jerelia.com/Pictures/jerelia_00518_1_165247042.png
ROZKISHNA;00811;Денний крем з гіалуроновою кислотою та пептидним комплексом. Антивікова формула 50 ml Jerelia ROZKISHNA (00811);https://cdn1.jerelia.com/Pictures/jerelia_00811_1_165366340.png
YoUnique;05502;Денний крем анти-акне SPF-15. Матуючий ефект 50 ml Jerelia YoUnique (05502);https://cdn1.jerelia.com/Pictures/jerelia_05502_1.png
LaFemme;07802;Делікатний крем-гель для інтимної гігієни з пробіотиками 250 ml Jerelia LaFemme (07802);https://cdn1.jerelia.com/Pictures/jerelia_07802_1_101834585.png
ANGEL;06026;Делікатний засіб для  підмивання малюків 0+ 200 ml Jerelia ANGEL (06026);https://cdn1.jerelia.com/Pictures/jerelia_06026_1_59181827.png
LaFemme;07803;Дезодорант-антиперспірант жіночий з алое та лавандою 150 ml Jerelia LaFemme (07803);https://cdn1.jerelia.com/Pictures/jerelia_07803_1_120353879.png
SRIBNA-KHATA;16001;Дезінфікуючий засіб для взуття. З цитратом срібла 200 ml Jerelia SRIBNA-KHATA (16001);https://cdn1.jerelia.com/Pictures/jerelia_16001_1_162140521.png
Omega;23703;Двофазний спрей для кінчиків волосся. Spray for hair tips with Omega 150 ml Jerelia Omega (23703);https://cdn1.jerelia.com/Pictures/jerelia_23703_1.png
Be Healthy;09345;Гінкго Білоба. Фітокомплекс для покращення роботи мозку та здоров’я судин 60 capsules Jerelia Be Healthy (09345);https://cdn1.jerelia.com/Pictures/jerelia_09345_1.png
Be Healthy;09324;Гепостан. Фітокомплекс для очищення печінки 60 capsules Jerelia Be Healthy (09324);https://cdn1.jerelia.com/Pictures/jerelia_09324_1.png
Be Healthy;09338;Гельмінтол. Антипаразитарний комплекс 60 capsules Jerelia Be Healthy (09338);https://cdn1.jerelia.com/Pictures/jerelia_09338_1.png
YoUnique;05506;Гель-маска холодного гідрування 75 ml Jerelia YoUnique (05506);https://cdn1.jerelia.com/Pictures/jerelia_05506_1_82482424.png
Esse Balance;03603;Гель-маска матуюча для жирної шкіри 100 ml Jerelia Esse Balance (03603);https://cdn1.jerelia.com/Pictures/jerelia_03603_1.png
ROZKISHNA;00810;Гель для вмивання з гіалуроновою кислотою та екстрактом білого чаю. Антивікова формула 200 ml Jerelia ROZKISHNA (00810);https://cdn1.jerelia.com/Pictures/jerelia_00810_1_165366328.png
Oselya;52418;Гелевий засіб для миття унітазів 500 ml Oselya Jerelia (52418);https://cdn1.jerelia.com/Pictures/jerelia_52418_1_165593999.png
Be Healthy;09304;Вітамінно-мінеральний комплекс Energy life 30 capsules Jerelia Be Healthy (09304);https://cdn1.jerelia.com/Pictures/jerelia_09304_1.png
Be Healthy;09354;Вітамін С з ехінацеєю 60 pills Jerelia Be Healthy (09354);https://cdn1.jerelia.com/Pictures/jerelia_09354_1_74872304.png
Be Healthy;09323;Вітамін D3 для дітей 30 ml Jerelia Be Healthy (09323);https://cdn1.jerelia.com/Pictures/jerelia_09323_1.png
Be Healthy;09363;Вітамін D3 2000 ME 60 capsules Jerelia Be Healthy (09363);https://cdn1.jerelia.com/Pictures/jerelia_09363_1_99235291.png
BIOgenic Elements;08401;"Біокомплекс ""Цитрат срібла"" 100 ml Jerelia BIOgenic Elements (08401)";https://cdn1.jerelia.com/Pictures/jerelia_08401_1.png
BIOgenic Elements;08403;"Біокомплекс ""Протидіабетичний"" 100 ml Jerelia BIOgenic Elements (08403)";https://cdn1.jerelia.com/Pictures/jerelia_08403_1.png
BIOgenic Elements;08407;"Біокомплекс ""Антистрес"" 100 ml Jerelia BIOgenic Elements (08407)";https://cdn1.jerelia.com/Pictures/jerelia_08407_2.png
Hair System;06903;Бальзам проти випадіння волосся. Крок 3 250 ml Jerelia Hair System (06903);https://cdn1.jerelia.com/Pictures/jerelia_06903_1_94316936.png
Omega;23701;Бальзам для волосся. Omega hair balm 250 ml Jerelia Omega (23701);https://cdn1.jerelia.com/Pictures/jerelia_23701_1.png
Nature Therapy ;21813;"Антипедикульозний спеціалізований комплекс ""Permiteen"" 100 ml Jerelia Nature Therapy  (21813)";https://cdn1.jerelia.com/Pictures/jerelia_21813_1.png
YoUnique;05501;Антибактеріальний нічний крем з АНА-кислотами 50 ml Jerelia YoUnique (05501);https://cdn1.jerelia.com/Pictures/jerelia_05501_1.png
103;05612;Антибактеріальне мило 300 ml Jerelia 103 (05612);https://cdn1.jerelia.com/Pictures/jerelia_05612_1.png
WOW effect;05412;WOW сироватка-концентрат для обличчя. Антикупероз 30 ml Jerelia WOW effect (05412);https://cdn1.jerelia.com/Pictures/jerelia_05412_1.png
Be Healthy;09322;VENO-FIT.Природній венотонік 60 capsules Jerelia Be Healthy (09322);https://cdn1.jerelia.com/Pictures/jerelia_09322_1_148232845.png
Be Healthy;09350;Reglucell. Комплекс для зниження та контролю маси тіла 60 capsules Jerelia Be Healthy (09350);https://cdn1.jerelia.com/Pictures/jerelia_09350_1_64517122.png
Be Healthy;09364;NEPHR-ON. Фітокомплекс для профілактики запальних захворювань нирок і сечовідних шляхів. 60 capsules Jerelia Be Healthy (09364);https://cdn1.jerelia.com/Pictures/jerelia_09364_1_100957705.png
Be Healthy;09344;IMMUNOGEN.Фітокомплекс з противірусною та антибактеріальною активністю 60 capsules Jerelia Be Healthy (09344);https://cdn1.jerelia.com/Pictures/jerelia_09344_1_150472764.png
Be Healthy;09357;DETOXSLIM. Комплексне очищення організму та зниження ваги 150 g Jerelia Be Healthy (09357);https://cdn1.jerelia.com/Pictures/jerelia_09357_1_81899164.png
Be Healthy;08269;Detox. Очищення і нормалізація мікрофлори 150 g Jerelia Be Healthy (08269);https://cdn1.jerelia.com/Pictures/jerelia_08269_1_127353515.png
Be Healthy;08268;Detox. Зниження ваги та оздоровлення кишечника з Омега 3-6-9 150 g Jerelia Be Healthy (08268);https://cdn1.jerelia.com/Pictures/jerelia_08268_1_127353495.png
Nature Therapy ;21814;"""ХондроїтинФорте"". Крем-гель для суглобів 150 g Jerelia Nature Therapy  (21814)";https://cdn1.jerelia.com/Pictures/jerelia_21814_1_57328638.png
J’ERELIA;09278;"Зволожувальна помада для губ ""Королівський нюд"" 4,2 g Jerelia J’ERELIA (09278)";https://cdn1.jerelia.com/Pictures/jerelia_09278_1_111425633.png
PERFI LAB;06456;"Туалетна вода ""Fleur Narcotique"" 50 ml Jerelia PERFI LAB (06456)";https://cdn1.jerelia.com/Pictures/jerelia_06456_1_164553927.png
103;11020;Рідкий пластир 30 ml Jerelia 103 (11020);https://cdn1.jerelia.com/Pictures/jerelia_11020_1_112020719.png
El'curl;71676;Відновлюючий бустер для волосся 10 ml Jerelia El'curl (71676);https://cdn1.jerelia.com/Pictures/jerelia_71676_1_108911993.png
El'curl;71675;Бустер для живлення волосся та захисту від UV 10 ml Jerelia El'curl (71675);https://cdn1.jerelia.com/Pictures/jerelia_71675_1_108912023.png
El'curl;71674;Бустер для волосся проти ламкості та посічених кінчиків 10 ml Jerelia El'curl (71674);https://cdn1.jerelia.com/Pictures/jerelia_71674_1_108912057.png
SPA;21538;Антицелюлітний скраб для тіла з арнікою і гамамелісом 200 ml Jerelia SPA (21538);https://cdn1.jerelia.com/Pictures/jerelia_21538_1.png
PERFI LAB;06414;Пробник туалетної води Emotion code for man 1,5 ml Jerelia PERFI LAB (06414);https://cdn1.jerelia.com/Pictures/jerelia_06414_1.png
PERFI LAB;06415;Пробник туалетної води Emotion code for woman 1,5 ml Jerelia PERFI LAB (06415);https://cdn1.jerelia.com/Pictures/jerelia_06415_1.png
PERFI LAB;06426;Пробник туалетної води для жінок ROKSOLANA 2.0. 1,5 ml Jerelia PERFI LAB (06426);https://cdn1.jerelia.com/Pictures/jerelia_06426_1.png
PERFI LAB;06427;Пробник туалетної води для жінок SOLOMIA 2.0. 1,5 ml Jerelia PERFI LAB (06427);https://cdn1.jerelia.com/Pictures/jerelia_06427_1.png
PERFI LAB;06430;Пробник туалетної води для жінок R'n'B 1,5 ml Jerelia PERFI LAB (06430);https://cdn1.jerelia.com/Pictures/jerelia_06430_1.png
PERFI LAB;06431;Пробник туалетної води для чоловіків R'n'B 1,5 ml Jerelia PERFI LAB (06431);https://cdn1.jerelia.com/Pictures/jerelia_06431_1.png
PERFI LAB;06455;"Пробник туалетної води ""Fleur Narcotique"" 1,5 ml Jerelia PERFI LAB (06455)";https://cdn1.jerelia.com/Pictures/jerelia_06455_1_61393298.png
PERFI LAB;06480;"Пробник парфумованої води ""FREYA"" 1,5 ml Jerelia PERFI LAB (06480)";https://cdn1.jerelia.com/Pictures/jerelia_06480_1_95543016.png
PERFI LAB;06481;"Пробник парфумованої води ""FLORINE"" 1,5 ml Jerelia PERFI LAB (06481)";https://cdn1.jerelia.com/Pictures/jerelia_06481_1_95543046.png
PERFI LAB;06482;"Пробник парфумованої води ""Life Essence"" 1,5 ml Jerelia PERFI LAB (06482)";https://cdn1.jerelia.com/Pictures/jerelia_06482_1_95543073.png
PERFI LAB;06483;"Пробник парфумованої води ""Passion"" 1,5 ml Jerelia PERFI LAB (06483)";https://cdn1.jerelia.com/Pictures/jerelia_06483_1_95543218.png
PERFI LAB;06484;"Пробник парфумованої води ""AMORE"" 1,5 ml Jerelia PERFI LAB (06484)";https://cdn1.jerelia.com/Pictures/jerelia_06484_1_95543108.png
PERFI LAB;06485;"Пробник парфумованої води ""Julietta"" 1,5 ml Jerelia PERFI LAB (06485)";https://cdn1.jerelia.com/Pictures/jerelia_06485_1_95543248.png
PERFI LAB;06486;"Пробник парфумованої води ""ONE CANDY"" 1,5 ml Jerelia PERFI LAB (06486)";https://cdn1.jerelia.com/Pictures/jerelia_06486_1_95543137.png
PERFI LAB;06487;"Пробник парфумованої води ""Artemida"" 1,5 ml Jerelia PERFI LAB (06487)";https://cdn1.jerelia.com/Pictures/jerelia_06487_1_95543268.png
PERFI LAB;06488;"Пробник парфумованої води ""Hypnotic"" 1,5 ml Jerelia PERFI LAB (06488)";https://cdn1.jerelia.com/Pictures/jerelia_06488_1_95543194.png
PERFI LAB;06489;"Пробник парфумованої води ""Kiss me"" 1,5 ml Jerelia PERFI LAB (06489)";https://cdn1.jerelia.com/Pictures/jerelia_06489_1_95543161.png
PERFI LAB;06490;"Пробник парфумованої води ""Intensity sport"" 1,5 ml Jerelia PERFI LAB (06490)";https://cdn1.jerelia.com/Pictures/jerelia_06490_1_95543304.png
PERFI LAB;06491;"Пробник парфумованої води ""VETIVER"" 1,5 ml Jerelia PERFI LAB (06491)";https://cdn1.jerelia.com/Pictures/jerelia_06491_1_95543324.png
PERFI LAB;06492;"Пробник парфумованої води ""Вlue ice"" 1,5 ml Jerelia PERFI LAB (06492)";https://cdn1.jerelia.com/Pictures/jerelia_06492_1_95543346.png
PERFI LAB;06493;"Пробник парфумованої води ""Сourage"" 1,5 ml Jerelia PERFI LAB (06493)";https://cdn1.jerelia.com/Pictures/jerelia_06493_1_95543370.png
PERFI LAB;06494;"Пробник парфумованої води ""Egoiste"" 1,5 ml Jerelia PERFI LAB (06494)";https://cdn1.jerelia.com/Pictures/jerelia_06494_1_95543392.png
PERFI LAB;24125;Пробник парфумованої води VILNA 1,5 ml Jerelia PERFI LAB (24125);https://cdn1.jerelia.com/Pictures/jerelia_24125_1_107191407.png
PERFI LAB;24126;Пробник парфумованої води LELIA 1,5 ml Jerelia PERFI LAB (24126);https://cdn1.jerelia.com/Pictures/jerelia_24126_1_107191608.png
Prochee;09933;Свічка ароматизована в кашпо 1 pcs Jerelia Prochee (09933);https://cdn1.jerelia.com/Pictures/jerelia_09933_2_156801563.png
LAKSMI;24411;Ефірна олія евкаліпта 10 ml Jerelia LAKSMI (24411);https://cdn1.jerelia.com/Pictures/jerelia_24411_1_118114835.png
LAKSMI;24412;Ефірна олія естрагону 10 ml Jerelia LAKSMI (24412);https://cdn1.jerelia.com/Pictures/jerelia_24412_1_118114870.png
LAKSMI;24413;Ефірна олія кориці 10 ml Jerelia LAKSMI (24413);https://cdn1.jerelia.com/Pictures/jerelia_24413_1_118114907.png
LAKSMI;24420;Ефірна олія Лавандіни 10 ml Jerelia LAKSMI (24420);https://cdn1.jerelia.com/Pictures/jerelia_24420_1_118114935.png
LAKSMI;24414;Ефірна олія лемонграсу 10 ml Jerelia LAKSMI (24414);https://cdn1.jerelia.com/Pictures/jerelia_24414_1_118114952.png
LAKSMI;24415;Ефірна олія мандарину 10 ml Jerelia LAKSMI (24415);https://cdn1.jerelia.com/Pictures/jerelia_24415_1_118114969.png
LAKSMI;24416;Ефірна олія Рожевого дерева 10 ml Jerelia LAKSMI (24416);https://cdn1.jerelia.com/Pictures/jerelia_24416_1_118114988.png
LAKSMI;24417;Ефірна олія санталу 10 ml Jerelia LAKSMI (24417);https://cdn1.jerelia.com/Pictures/jerelia_24417_1_118115009.png
LAKSMI;24418;Ефірна олія шавлії мускатної 10 ml Jerelia LAKSMI (24418);https://cdn1.jerelia.com/Pictures/jerelia_24418_1_118115032.png
LAKSMI;24419;Ефірна олія ялівцю 10 ml Jerelia LAKSMI (24419);https://cdn1.jerelia.com/Pictures/jerelia_24419_1_118115051.png
WIN;24301;Шампунь-кондиціонер 2 в 1 з екстрактом женшеню та ментолом 250 ml Jerelia WIN (24301);https://cdn1.jerelia.com/Pictures/jerelia_24301_1_126533038.png
WIN;24302;Гель для душу тонізуючий з екстрактом женьшеню та кофеїном 250 ml Jerelia WIN (24302);https://cdn1.jerelia.com/Pictures/jerelia_24302_1_135335731.png
WIN;24303;Зволожуючий крем для гоління 100 ml Jerelia WIN (24303);https://cdn1.jerelia.com/Pictures/jerelia_24303_1_120354213.png
WIN;24305;Шампунь-кондиціонер 2 в 1 з екстрактами шавлії та ламінарії 250 ml Jerelia WIN (24305);https://cdn1.jerelia.com/Pictures/jerelia_24305_1_126533018.png
WIN;24306;Гель для душу з канабісом та ефірною олією лайма 250 ml Jerelia WIN (24306);https://cdn1.jerelia.com/Pictures/jerelia_24306_1_126532994.png
Be Healthy;09377;"Дієтична добавка ""Панкреатон"" 60 pcs Jerelia Be Healthy (09377)";https://cdn1.jerelia.com/Pictures/jerelia_09377_1_119187124.png
Ikra;00533;Нічна маска з ліфтинг ефектом 50 ml Jerelia Ikra (00533);https://cdn1.jerelia.com/Pictures/jerelia_00533_1_165247160.png
Skin Lab;24201;Активний освітлюючий денний крем з SPF30 50 ml Jerelia Skin Lab (24201);https://cdn1.jerelia.com/Pictures/jerelia_24201_1_163180356.png
Skin Lab;24202;Відновлювальний освітлюючий нічний крем 50 ml Jerelia Skin Lab (24202);https://cdn1.jerelia.com/Pictures/jerelia_24202_1_163180377.png
Skin Lab;24203;Освітлююча сироватка з вітаміном С та ніацинамідом 30 ml Jerelia Skin Lab (24203);https://cdn1.jerelia.com/Pictures/jerelia_24203_1_163180426.png
Skin Lab;24204;Освітлюючий крем для шкіри навколо очей 15 ml Jerelia Skin Lab (24204);https://cdn1.jerelia.com/Pictures/jerelia_24204_1_163180447.png
Skin Lab;24205;Тонік для освітлення та рівного тону шкіри 200 ml Jerelia Skin Lab (24205);https://cdn1.jerelia.com/Pictures/jerelia_24205_1_163180469.png
Skin Lab;24206;Очищувальний гель для вмивання з ефектом вирівнювання тону обличчя 200 ml Jerelia Skin Lab (24206);https://cdn1.jerelia.com/Pictures/jerelia_24206_1_163180490.png
Skin Lab;24207;Освітлююча маска інтенсивної дії 50 ml Jerelia Skin Lab (24207);https://cdn1.jerelia.com/Pictures/jerelia_24207_1_163180564.png
Skin Lab;24208;"Пробник ""Активний освітлюючий денний крем з SPF30"" 3 ml Jerelia Skin Lab (24208)";https://cdn1.jerelia.com/Pictures/jerelia_24208_1_163520109.png
Skin Lab;24209;"Пробник ""Відновлювальний освітлюючий нічний крем"" 3 ml Jerelia Skin Lab (24209)";https://cdn1.jerelia.com/Pictures/jerelia_24209_1_163520126.png
Skin Lab;24210;"Пробник ""Освітлюючий крем для шкіри навколо очей"" 3 ml Jerelia Skin Lab (24210)";https://cdn1.jerelia.com/Pictures/jerelia_24210_1_163520137.png
Skin Lab;24211;"Пробник""Освітлююча маска інтинсивної дії"" 3 ml Jerelia Skin Lab (24211)";https://cdn1.jerelia.com/Pictures/jerelia_24211_1_163520150.png
Skin Lab;24212;"Пробник ""Освітлююча сироватка з вітаміном С та ніацинамідом"" 3 ml Jerelia Skin Lab (24212)";https://cdn1.jerelia.com/Pictures/jerelia_24212_1_163520164.png
J’ERELIA;09285;Туш для вій об'ємна GLAM  XXL VOLUME 10 ml Jerelia J’ERELIA (09285);https://cdn1.jerelia.com/Pictures/jerelia_09285_1_126369236.png
J’ERELIA;09286;Туш з ефектом подовження вій 3 in 1 MAXI EFFECT 10 ml Jerelia J’ERELIA (09286);https://cdn1.jerelia.com/Pictures/jerelia_09286_1_126369262.png
PRO Slim;24501;"Протеїново-мінеральний коктейль ""Шоколадний десерт"" 420 g Jerelia PRO Slim (24501)";https://cdn1.jerelia.com/Pictures/jerelia_24501_1_129567489.png
PRO Slim;24502;"Протеїново-мінеральний коктейль ""Полуничний шейк"" 420 g Jerelia PRO Slim (24502)";https://cdn1.jerelia.com/Pictures/jerelia_24502_1_129567555.png
Skin Lab;24227;Розгладжуючий денний крем-філлер з SPF 25 50 ml Jerelia Skin Lab (24227);https://cdn1.jerelia.com/Pictures/jerelia_24227_1_163180988.png
Skin Lab;24228;Регенеруючий підтягуючий нічний крем з ретинолом 50 ml Jerelia Skin Lab (24228);https://cdn1.jerelia.com/Pictures/jerelia_24228_1_163181153.png
Skin Lab;24224;Антиоксидантна омолоджуюча сироватка 30 ml Jerelia Skin Lab (24224);https://cdn1.jerelia.com/Pictures/jerelia_24224_1_163180947.png
Skin Lab;24229;Ліфтинг-есенція для зони навколо очей 15 ml Jerelia Skin Lab (24229);https://cdn1.jerelia.com/Pictures/jerelia_24229_1_163181172.png
Skin Lab;24222;Антиоксидантний тонер-есенція 200 ml Jerelia Skin Lab (24222);https://cdn1.jerelia.com/Pictures/jerelia_24222_1_163180912.png
Skin Lab;24221;Пептидне омолоджуюче молочко для вмивання 200 ml Jerelia Skin Lab (24221);https://cdn1.jerelia.com/Pictures/jerelia_24221_1_163180881.png
Skin Lab;24233;"Пробник ""Антиоксидантна омолоджуюча сироватка"" 3 ml Jerelia Skin Lab (24233)";https://cdn1.jerelia.com/Pictures/jerelia_24233_1_163519990.png
Skin Lab;24234;"Пробник ""Розгладжуючий денний крем-філлер"" 3 ml Jerelia Skin Lab (24234)";https://cdn1.jerelia.com/Pictures/jerelia_24234_1_163520006.png
Skin Lab;24235;"Пробник ""Ліфтинг-есенція для зони навколо очей"" 3 ml Jerelia Skin Lab (24235)";https://cdn1.jerelia.com/Pictures/jerelia_24235_1_163520017.png
Skin Lab;24236;"Пробник ""Регенеруючий підтягуючий нічний крем з ретинолом"" 3 ml Jerelia Skin Lab (24236)";https://cdn1.jerelia.com/Pictures/jerelia_24236_1_163520030.png
PERFI LAB;06433;Парфумована  вода для жінок J'erelina 50 ml Jerelia PERFI LAB (06433);https://cdn1.jerelia.com/Pictures/jerelia_06433_1_138314049.png
PERFI LAB;24134;Пробник парфумованої  води для жінок J'erelina 1,5 ml Jerelia PERFI LAB (24134);https://cdn1.jerelia.com/Pictures/jerelia_24134_1_138716348.png
PERFI LAB;24128;Парфумована вода Moulin Rouge 50 ml Jerelia PERFI LAB (24128);https://cdn1.jerelia.com/Pictures/jerelia_24128_1_138314075.png
PERFI LAB;24129;Парфумована вода Kalliroi 55 ml Jerelia PERFI LAB (24129);https://cdn1.jerelia.com/Pictures/jerelia_24129_1_138314096.png
PERFI LAB;24130;Пробник парфумованої води Moulin Rouge 1,5 ml Jerelia PERFI LAB (24130);https://cdn1.jerelia.com/Pictures/jerelia_24130_1_138313342.png
4seasons;06805;Сонцезахисний лосьйон для тіла SPF 30 150 ml Jerelia 4seasons (06805);https://cdn1.jerelia.com/Pictures/jerelia_06805_1.png
4seasons;06804;Дитячий сонцезахисний лосьйон з алое та молочними протеїнами SPF 35 150 ml Jerelia 4seasons (06804);https://cdn1.jerelia.com/Pictures/jerelia_06804_1.png
Skin Lab;24217;Екстразволожуючий денний крем з церамідами SPF 30 50 ml Jerelia Skin Lab (24217);https://cdn1.jerelia.com/Pictures/jerelia_24217_1_163180751.png
Skin Lab;24216;Ультразволожуюча сироватка-бустер 30 ml Jerelia Skin Lab (24216);https://cdn1.jerelia.com/Pictures/jerelia_24216_1_163180670.png
Skin Lab;24215;Про-колагеновий зволожуючий  тонер 200 ml Jerelia Skin Lab (24215);https://cdn1.jerelia.com/Pictures/jerelia_24215_1_163180650.png
Skin Lab;24214;Про-колагеновий зволожуючий гель-шовк  для вмивання 200 ml Jerelia Skin Lab (24214);https://cdn1.jerelia.com/Pictures/jerelia_24214_1_163180629.png
Skin Lab;24219;Зволожуюча крем-маска для шкіри навколо очей та губ 15 ml Jerelia Skin Lab (24219);https://cdn1.jerelia.com/Pictures/jerelia_24219_1_163180823.png
Skin Lab;24218;Регенеруючий  кислотний гель-пілінг потрійної дії 30 ml Jerelia Skin Lab (24218);https://cdn1.jerelia.com/Pictures/jerelia_24218_1_163180772.png
Skin Lab;24220;Колагеностимулююча нічна крем-маска з колагеном 50 ml Jerelia Skin Lab (24220);https://cdn1.jerelia.com/Pictures/jerelia_24220_1_163180856.png
Skin Lab;24237;"Пробник ""Ультразволожуюча сироватка-бустер "" 3 ml Jerelia Skin Lab (24237)";https://cdn1.jerelia.com/Pictures/jerelia_24237_1_163520326.png
Skin Lab;24241;"Пробник ""Регенеруючий  кислотний гель-пілінг потрійної дії"" 3 ml Jerelia Skin Lab (24241)";https://cdn1.jerelia.com/Pictures/jerelia_24241_1_163520377.png
Skin Lab;24240;"Пробник ""Зволожуюча крем-маска для шкіри навколо очей та губ"" 3 ml Jerelia Skin Lab (24240)";https://cdn1.jerelia.com/Pictures/jerelia_24240_1_163520361.png
Skin Lab;24238;"Пробник ""Колагеностимулююча нічна крем-маска з колагеном"" 3 ml Jerelia Skin Lab (24238)";https://cdn1.jerelia.com/Pictures/jerelia_24238_1_163520337.png
Skin Lab;24239;"Пробник ""Екстразволожуючий денний крем з церамідами SPF 30"" 3 ml Jerelia Skin Lab (24239)";https://cdn1.jerelia.com/Pictures/jerelia_24239_1_163520350.png
PERFI LAB;24135;GINGER WOODY (Ж) (Пластик) 50 ml Jerelia PERFI LAB (24135);https://cdn1.jerelia.com/Pictures/jerelia_24135_1_145631226.png
PERFI LAB;24146;CITRUS GREEN APPLE (Ж) (Пластик) 50 ml Jerelia PERFI LAB (24146);https://cdn1.jerelia.com/Pictures/jerelia_24146_1_145631244.png
PERFI LAB;24156;MINT VANILLA (Ж) (Пластик) 50 ml Jerelia PERFI LAB (24156);https://cdn1.jerelia.com/Pictures/jerelia_24156_1_145631263.png
PERFI LAB;24168;MUSKY TUBEROSE (Ж) (Пластик) 50 ml Jerelia PERFI LAB (24168);https://cdn1.jerelia.com/Pictures/jerelia_24168_1_145631283.png
PERFI LAB;24136;AQUATIC LIME (Ж) 50 ml Jerelia PERFI LAB (24136);https://cdn1.jerelia.com/Pictures/jerelia_24136_1_144553456.png
PERFI LAB;24137;AMBER CITRUS (Ж) 50 ml Jerelia PERFI LAB (24137);https://cdn1.jerelia.com/Pictures/jerelia_24137_1_144553559.png
PERFI LAB;24144;WOODY OAKMOSS (Ж) 50 ml Jerelia PERFI LAB (24144);https://cdn1.jerelia.com/Pictures/jerelia_24144_1_144553871.png
PERFI LAB;24147;CITRUS PEONY (Ж) 50 ml Jerelia PERFI LAB (24147);https://cdn1.jerelia.com/Pictures/jerelia_24147_1_144553696.png
PERFI LAB;24142;CITRUS GINGER (Ч) 50 ml Jerelia PERFI LAB (24142);https://cdn1.jerelia.com/Pictures/jerelia_24142_1_144554453.png
PERFI LAB;24154;SPICY VETIVER (Ч) 50 ml Jerelia PERFI LAB (24154);https://cdn1.jerelia.com/Pictures/jerelia_24154_1_144554563.png
PERFI LAB;24149;CARAMELIZED TOBACCO (У) (Книжка) 35 ml Jerelia PERFI LAB (24149);https://cdn1.jerelia.com/Pictures/jerelia_24149_1_144865977.png
PERFI LAB;24157;AMBERY TUBEROSE (Ж) (Книжка) 35 ml Jerelia PERFI LAB (24157);https://cdn1.jerelia.com/Pictures/jerelia_24157_1_144859301.png
PERFI LAB;24162;OUD FRUIT (Ч) (Книжка) 35 ml Jerelia PERFI LAB (24162);https://cdn1.jerelia.com/Pictures/jerelia_24162_1_144859421.png
PERFI LAB;24165;POWDERY TOBACCO (У) (Книжка) 35 ml Jerelia PERFI LAB (24165);https://cdn1.jerelia.com/Pictures/jerelia_24165_1_144859553.png
PERFI LAB;24166;SPICY ORCHID (Ж) (Книжка) 35 ml Jerelia PERFI LAB (24166);https://cdn1.jerelia.com/Pictures/jerelia_24166_1_144859741.png
PERFI LAB;24152;CITRUS ORCHID (Ж) (Пластик) 50 ml Jerelia PERFI LAB (24152);https://cdn1.jerelia.com/Pictures/jerelia_24152_1_145631118.png
PERFI LAB;24155;PEACH OSMANTUS (Ж) (Пластик) 50 ml Jerelia PERFI LAB (24155);https://cdn1.jerelia.com/Pictures/jerelia_24155_1_145631141.png
PERFI LAB;24163;CITRUS TEA (Ж) (Пластик) 50 ml Jerelia PERFI LAB (24163);https://cdn1.jerelia.com/Pictures/jerelia_24163_1_145631163.png
PERFI LAB;24164;FLORAL SANDALWOOD (Ж) (Пластик) 50 ml Jerelia PERFI LAB (24164);https://cdn1.jerelia.com/Pictures/jerelia_24164_1_145631181.png
PERFI LAB;24148;PEACH ROSE (Ж) 50 ml Jerelia PERFI LAB (24148);https://cdn1.jerelia.com/Pictures/jerelia_24148_1_145627935.png
PERFI LAB;24150;POWDERY NEROLI (Ж) 50 ml Jerelia PERFI LAB (24150);https://cdn1.jerelia.com/Pictures/jerelia_24150_1_165594984.png
PERFI LAB;24151;CITRUS NEROLI (Ж) 50 ml Jerelia PERFI LAB (24151);https://cdn1.jerelia.com/Pictures/jerelia_24151_1_148927951.png
PERFI LAB;24153;FOUGERE PINK PEPPER (Ж) 50 ml Jerelia PERFI LAB (24153);https://cdn1.jerelia.com/Pictures/jerelia_24153_1_148927979.png
PERFI LAB;24138;WOODY JEAN (Ч) 50 ml Jerelia PERFI LAB (24138);https://cdn1.jerelia.com/Pictures/jerelia_24138_1_146327005.png
PERFI LAB;24139;PASSION VANILLA (Ж) 50 ml Jerelia PERFI LAB (24139);https://cdn1.jerelia.com/Pictures/jerelia_24139_1_146328237.png
PERFI LAB;24140;FRUITY ALMOND (Ж) 50 ml Jerelia PERFI LAB (24140);https://cdn1.jerelia.com/Pictures/jerelia_24140_1_146328481.png
PERFI LAB;24141;SPICY WOOD (Ч) 50 ml Jerelia PERFI LAB (24141);https://cdn1.jerelia.com/Pictures/jerelia_24141_1_146328814.png
PERFI LAB;24160;GINGER VETIVER (У) 50 ml Jerelia PERFI LAB (24160);https://cdn1.jerelia.com/Pictures/jerelia_24160_1_146329250.png
PERFI LAB;24161;FOUGERE FLOWER (У) 50 ml Jerelia PERFI LAB (24161);https://cdn1.jerelia.com/Pictures/jerelia_24161_1_146329541.png
Skin Lab;24213;Глибоко очищуюча ензимна пудра з вітаміном C 65 g Jerelia Skin Lab (24213);https://cdn1.jerelia.com/Pictures/jerelia_24213_1_163180601.png
On the Go;08602;Заспокійливий гель після гоління для чутливої шкіри 150 ml Jerelia On the Go (08602);https://cdn1.jerelia.com/Pictures/jerelia_08602_1.png
On the Go;08604;Шампунь для профілактики лупи REAL MAN 250 ml Jerelia On the Go (08604);https://cdn1.jerelia.com/Pictures/jerelia_08604_1.png
Prochee;10128;"Свічка ароматизована ""Кришталь"" 1 pcs Jerelia Prochee (10128)";https://cdn1.jerelia.com/Pictures/jerelia_10128_1_161447711.png
Oselya;52459;Серветка з мікрофібри універсальна для всіх поверхонь 1 pcs Jerelia Oselya (52459);https://cdn1.jerelia.com/Pictures/jerelia_52459_4_165946415.png
PODIUM;21714;"Рум’яна компактні PODIUM ""Балканський теракот"" 7 g Jerelia PODIUM (21714)";https://cdn1.jerelia.com/Pictures/jerelia_21713_1.png
PODIUM;21716;"Рум’яна компактні PODIUM ""Азійська троянда"" 7 g Jerelia PODIUM (21716)";https://cdn1.jerelia.com/Pictures/jerelia_21713_1.png
Bliss;91106;"Лосьйон вуаль для тіла і рук  ""Cherry Orchid"" 300 ml Jerelia Bliss (91106)";https://cdn1.jerelia.com/Pictures/jerelia_91106_1_169865660.png
Bliss;91104;"Лосьйон вуаль для тіла і рук ""Aqua Symphony"" 300 ml Jerelia Bliss (91104)";https://cdn1.jerelia.com/Pictures/jerelia_91104_1_169865508.png
Bliss;91107;"Парфумоване освіжаюче мило ""Aqua Symphony"" 300 ml Jerelia Bliss (91107)";https://cdn1.jerelia.com/Pictures/jerelia_91107_1_169865430.png
Bliss;91109;"Парфумоване освіжаюче мило ""Cherry Orchid"" 300 ml Jerelia Bliss (91109)";https://cdn1.jerelia.com/Pictures/jerelia_91109_1_169865676.png
Bliss;91102;"Парфумований гель для душу ""Aqua Symphony"" 300 ml Jerelia Bliss (91102)";https://cdn1.jerelia.com/Pictures/jerelia_91102_1_169865467.png
Bliss;91101;"Парфумований гель для душу ""Cherry Orchid"" 300 ml Jerelia Bliss (91101)";https://cdn1.jerelia.com/Pictures/jerelia_91101_1_169865526.png